language,n,m,load,input_file,op,tempo_medio_ms,desvio_padrao_ms,nos_visitados
cpp,100,100,mixed,/workspace/data/input_n100_m100_s42_all_equal_mixed_5050.txt,batch_ops,0.018421633333333333,0.003387213527607788,3724
cpp,100,100,mixed,/workspace/data/input_n100_m100_s42_all_equal_mixed_5050.txt,build,0.0012695666666666667,8.538096506483338e-05,199
cpp,100,100,mixed,/workspace/data/input_n100_m100_s42_duplicates_mixed_5050.txt,batch_ops,0.0197729,0.003677467816498101,3724
cpp,100,100,mixed,/workspace/data/input_n100_m100_s42_duplicates_mixed_5050.txt,build,0.001439,0.0002966415461403743,199
cpp,100,100,mixed,/workspace/data/input_n100_m100_s42_nearly_sorted_mixed_5050.txt,batch_ops,0.018312600000000002,0.005194770511010951,3724
cpp,100,100,mixed,/workspace/data/input_n100_m100_s42_nearly_sorted_mixed_5050.txt,build,0.0013233666666666666,0.00015819858391914564,199
cpp,100,100,mixed,/workspace/data/input_n100_m100_s42_random_mixed_5050.txt,batch_ops,0.017616100000000003,0.002194949301904497,3724
cpp,100,100,mixed,/workspace/data/input_n100_m100_s42_random_mixed_5050.txt,build,0.0012850000000000001,0.00013124102596578444,199
cpp,100,100,mixed,/workspace/data/input_n100_m100_s42_sorted_mixed_5050.txt,batch_ops,0.0198049,0.001901260767726654,3724
cpp,100,100,mixed,/workspace/data/input_n100_m100_s42_sorted_mixed_5050.txt,build,0.0013815333333333333,9.208906233803696e-05,199
cpp,100,100,query,/workspace/data/input_n100_m100_s42_all_equal_query.txt,batch_ops,0.02956886666666667,0.008944059318064558,5706
cpp,100,100,query,/workspace/data/input_n100_m100_s42_all_equal_query.txt,build,0.0014774,0.0001896055069766226,199
cpp,100,100,query,/workspace/data/input_n100_m100_s42_duplicates_query.txt,batch_ops,0.0275694,0.005160545056751138,5706
cpp,100,100,query,/workspace/data/input_n100_m100_s42_duplicates_query.txt,build,0.0014516000000000002,0.0003280693366579273,199
cpp,100,100,query,/workspace/data/input_n100_m100_s42_nearly_sorted_query.txt,batch_ops,0.027390633333333334,0.003061777177001814,5706
cpp,100,100,query,/workspace/data/input_n100_m100_s42_nearly_sorted_query.txt,build,0.0013728666666666667,0.00015175314195084734,199
cpp,100,100,query,/workspace/data/input_n100_m100_s42_random_query.txt,batch_ops,0.029943566666666664,0.012875665887523115,5706
cpp,100,100,query,/workspace/data/input_n100_m100_s42_random_query.txt,build,0.0014631666666666669,0.00019941813346339136,199
cpp,100,100,query,/workspace/data/input_n100_m100_s42_sorted_query.txt,batch_ops,0.0251729,0.0032578010602668586,5706
cpp,100,100,query,/workspace/data/input_n100_m100_s42_sorted_query.txt,build,0.001341,0.0001589823238927675,199
cpp,100,100,update,/workspace/data/input_n100_m100_s42_all_equal_update.txt,batch_ops,0.010342800000000001,0.001079545383243686,1393
cpp,100,100,update,/workspace/data/input_n100_m100_s42_all_equal_update.txt,build,0.0014526666666666668,0.0003151505752136132,199
cpp,100,100,update,/workspace/data/input_n100_m100_s42_duplicates_update.txt,batch_ops,0.0104642,0.001066297538860195,1393
cpp,100,100,update,/workspace/data/input_n100_m100_s42_duplicates_update.txt,build,0.0014253333333333334,0.00013411455045474435,199
cpp,100,100,update,/workspace/data/input_n100_m100_s42_nearly_sorted_update.txt,batch_ops,0.010748299999999999,0.0022608428570199068,1393
cpp,100,100,update,/workspace/data/input_n100_m100_s42_nearly_sorted_update.txt,build,0.0013725333333333332,9.339782665024125e-05,199
cpp,100,100,update,/workspace/data/input_n100_m100_s42_random_update.txt,batch_ops,0.010945666666666666,0.001192548194163364,1393
cpp,100,100,update,/workspace/data/input_n100_m100_s42_random_update.txt,build,0.0014904999999999999,0.0003447715635525685,199
cpp,100,100,update,/workspace/data/input_n100_m100_s42_sorted_update.txt,batch_ops,0.010524200000000001,0.0011069441128464972,1393
cpp,100,100,update,/workspace/data/input_n100_m100_s42_sorted_update.txt,build,0.0014999333333333335,0.00028171371299948113,199
cpp,100,500,mixed,/workspace/data/input_n100_m500_s42_all_equal_mixed_5050.txt,batch_ops,0.13256693333333333,0.012545307153737178,18852
cpp,100,500,mixed,/workspace/data/input_n100_m500_s42_all_equal_mixed_5050.txt,build,0.0016078,0.0001688707728739182,199
cpp,100,500,mixed,/workspace/data/input_n100_m500_s42_duplicates_mixed_5050.txt,batch_ops,0.12874116666666666,0.0037571872557423352,18852
cpp,100,500,mixed,/workspace/data/input_n100_m500_s42_duplicates_mixed_5050.txt,build,0.0014724,0.00011105096686377523,199
cpp,100,500,mixed,/workspace/data/input_n100_m500_s42_nearly_sorted_mixed_5050.txt,batch_ops,0.14071006666666666,0.006418080800972827,18852
cpp,100,500,mixed,/workspace/data/input_n100_m500_s42_nearly_sorted_mixed_5050.txt,build,0.0016336333333333332,0.0001259549682346374,199
cpp,100,500,mixed,/workspace/data/input_n100_m500_s42_random_mixed_5050.txt,batch_ops,0.13799206666666666,0.017394444267487034,18852
cpp,100,500,mixed,/workspace/data/input_n100_m500_s42_random_mixed_5050.txt,build,0.0015853333333333333,0.00021441425154212067,199
cpp,100,500,mixed,/workspace/data/input_n100_m500_s42_sorted_mixed_5050.txt,batch_ops,0.1410409333333333,0.012709605669385058,18852
cpp,100,500,mixed,/workspace/data/input_n100_m500_s42_sorted_mixed_5050.txt,build,0.0017113999999999999,0.00027551251301453846,199
cpp,100,500,query,/workspace/data/input_n100_m500_s42_all_equal_query.txt,batch_ops,0.16954616666666666,0.01170474500917833,29664
cpp,100,500,query,/workspace/data/input_n100_m500_s42_all_equal_query.txt,build,0.0014452333333333334,0.00011830838817532625,199
cpp,100,500,query,/workspace/data/input_n100_m500_s42_duplicates_query.txt,batch_ops,0.16524716666666667,0.0059634094279822115,29664
cpp,100,500,query,/workspace/data/input_n100_m500_s42_duplicates_query.txt,build,0.0014513999999999998,0.00012961257921072005,199
cpp,100,500,query,/workspace/data/input_n100_m500_s42_nearly_sorted_query.txt,batch_ops,0.1746078,0.012894453590862099,29664
cpp,100,500,query,/workspace/data/input_n100_m500_s42_nearly_sorted_query.txt,build,0.0016009666666666666,0.00022692767848891382,199
cpp,100,500,query,/workspace/data/input_n100_m500_s42_random_query.txt,batch_ops,0.17087126666666666,0.011159050497036128,29664
cpp,100,500,query,/workspace/data/input_n100_m500_s42_random_query.txt,build,0.0014655,0.00020739879127104293,199
cpp,100,500,query,/workspace/data/input_n100_m500_s42_sorted_query.txt,batch_ops,0.1730692,0.005941055806550855,29664
cpp,100,500,query,/workspace/data/input_n100_m500_s42_sorted_query.txt,build,0.0015129333333333333,8.062169355244513e-05,199
cpp,100,500,update,/workspace/data/input_n100_m500_s42_all_equal_update.txt,batch_ops,0.06747996666666665,0.0055233616293436484,6872
cpp,100,500,update,/workspace/data/input_n100_m500_s42_all_equal_update.txt,build,0.0021109666666666665,0.003602821714877855,199
cpp,100,500,update,/workspace/data/input_n100_m500_s42_duplicates_update.txt,batch_ops,0.06436789999999999,0.006568709511374937,6872
cpp,100,500,update,/workspace/data/input_n100_m500_s42_duplicates_update.txt,build,0.0016426333333333335,0.000321385415128738,199
cpp,100,500,update,/workspace/data/input_n100_m500_s42_nearly_sorted_update.txt,batch_ops,0.06905766666666667,0.014344490643312927,6872
cpp,100,500,update,/workspace/data/input_n100_m500_s42_nearly_sorted_update.txt,build,0.0013877,0.00013662815128712648,199
cpp,100,500,update,/workspace/data/input_n100_m500_s42_random_update.txt,batch_ops,0.06368846666666667,0.005917207331359857,6872
cpp,100,500,update,/workspace/data/input_n100_m500_s42_random_update.txt,build,0.0013879666666666668,0.0001494386007773723,199
cpp,100,500,update,/workspace/data/input_n100_m500_s42_sorted_update.txt,batch_ops,0.0687309,0.020287671085984796,6872
cpp,100,500,update,/workspace/data/input_n100_m500_s42_sorted_update.txt,build,0.0015477,0.0002926182814191377,199
cpp,1000,1000,mixed,/workspace/data/input_n1000_m1000_s42_all_equal_mixed_5050.txt,batch_ops,0.4300629,0.04355158645699018,61121
cpp,1000,1000,mixed,/workspace/data/input_n1000_m1000_s42_all_equal_mixed_5050.txt,build,0.012023066666666667,0.001604598777508449,1999
cpp,1000,1000,mixed,/workspace/data/input_n1000_m1000_s42_duplicates_mixed_5050.txt,batch_ops,0.44970703333333334,0.036879422421877285,61121
cpp,1000,1000,mixed,/workspace/data/input_n1000_m1000_s42_duplicates_mixed_5050.txt,build,0.013898899999999999,0.004020706880293734,1999
cpp,1000,1000,mixed,/workspace/data/input_n1000_m1000_s42_nearly_sorted_mixed_5050.txt,batch_ops,0.4316963,0.03419819681589398,61121
cpp,1000,1000,mixed,/workspace/data/input_n1000_m1000_s42_nearly_sorted_mixed_5050.txt,build,0.0128462,0.0024686398935725587,1999
cpp,1000,1000,mixed,/workspace/data/input_n1000_m1000_s42_random_mixed_5050.txt,batch_ops,0.4333274,0.04444238003310463,61121
cpp,1000,1000,mixed,/workspace/data/input_n1000_m1000_s42_random_mixed_5050.txt,build,0.011988400000000001,0.0009612559169810265,1999
cpp,1000,1000,mixed,/workspace/data/input_n1000_m1000_s42_sorted_mixed_5050.txt,batch_ops,0.4393311333333333,0.03899300109147204,61121
cpp,1000,1000,mixed,/workspace/data/input_n1000_m1000_s42_sorted_mixed_5050.txt,build,0.012566433333333333,0.0016749146490520632,1999
cpp,1000,1000,query,/workspace/data/input_n1000_m1000_s42_all_equal_query.txt,batch_ops,0.5364781333333333,0.03476367325710042,98004
cpp,1000,1000,query,/workspace/data/input_n1000_m1000_s42_all_equal_query.txt,build,0.012342733333333333,0.0019456596954695634,1999
cpp,1000,1000,query,/workspace/data/input_n1000_m1000_s42_duplicates_query.txt,batch_ops,0.5556274666666667,0.040342331662679164,98004
cpp,1000,1000,query,/workspace/data/input_n1000_m1000_s42_duplicates_query.txt,build,0.012584833333333333,0.0019090012749645015,1999
cpp,1000,1000,query,/workspace/data/input_n1000_m1000_s42_nearly_sorted_query.txt,batch_ops,0.5553548666666667,0.029262316521227544,98004
cpp,1000,1000,query,/workspace/data/input_n1000_m1000_s42_nearly_sorted_query.txt,build,0.012563233333333333,0.0015494324363174551,1999
cpp,1000,1000,query,/workspace/data/input_n1000_m1000_s42_random_query.txt,batch_ops,0.5440671666666667,0.029085710656945277,98004
cpp,1000,1000,query,/workspace/data/input_n1000_m1000_s42_random_query.txt,build,0.011818466666666666,0.0013355420630960493,1999
cpp,1000,1000,query,/workspace/data/input_n1000_m1000_s42_sorted_query.txt,batch_ops,0.5732169333333333,0.024122362103319778,98004
cpp,1000,1000,query,/workspace/data/input_n1000_m1000_s42_sorted_query.txt,build,0.012744733333333334,0.002200739733524309,1999
cpp,1000,1000,update,/workspace/data/input_n1000_m1000_s42_all_equal_update.txt,batch_ops,0.2118658,0.009190245835142007,21846
cpp,1000,1000,update,/workspace/data/input_n1000_m1000_s42_all_equal_update.txt,build,0.0109832,0.00039834730990725374,1999
cpp,1000,1000,update,/workspace/data/input_n1000_m1000_s42_duplicates_update.txt,batch_ops,0.2457189,0.016363839588956593,21846
cpp,1000,1000,update,/workspace/data/input_n1000_m1000_s42_duplicates_update.txt,build,0.012645833333333334,0.0008009733338939539,1999
cpp,1000,1000,update,/workspace/data/input_n1000_m1000_s42_nearly_sorted_update.txt,batch_ops,0.2340017,0.010744874749835612,21846
cpp,1000,1000,update,/workspace/data/input_n1000_m1000_s42_nearly_sorted_update.txt,build,0.013060133333333333,0.004824172937751437,1999
cpp,1000,1000,update,/workspace/data/input_n1000_m1000_s42_random_update.txt,batch_ops,0.228615,0.02223254431745467,21846
cpp,1000,1000,update,/workspace/data/input_n1000_m1000_s42_random_update.txt,build,0.011526766666666665,0.0006593538468851903,1999
cpp,1000,1000,update,/workspace/data/input_n1000_m1000_s42_sorted_update.txt,batch_ops,0.2230792,0.015217465397727526,21846
cpp,1000,1000,update,/workspace/data/input_n1000_m1000_s42_sorted_update.txt,build,0.011716066666666667,0.0012522236479031276,1999
cpp,1000,5000,mixed,/workspace/data/input_n1000_m5000_s42_all_equal_mixed_5050.txt,batch_ops,2.203579066666667,0.08174234182032748,297470
cpp,1000,5000,mixed,/workspace/data/input_n1000_m5000_s42_all_equal_mixed_5050.txt,build,0.014888633333333335,0.002950046632984233,1999
cpp,1000,5000,mixed,/workspace/data/input_n1000_m5000_s42_duplicates_mixed_5050.txt,batch_ops,2.0227368333333335,0.04497851138893286,297470
cpp,1000,5000,mixed,/workspace/data/input_n1000_m5000_s42_duplicates_mixed_5050.txt,build,0.0120755,0.0015290634670303575,1999
cpp,1000,5000,mixed,/workspace/data/input_n1000_m5000_s42_nearly_sorted_mixed_5050.txt,batch_ops,2.0474723666666668,0.061253693414037635,297470
cpp,1000,5000,mixed,/workspace/data/input_n1000_m5000_s42_nearly_sorted_mixed_5050.txt,build,0.0131745,0.002000726122496874,1999
cpp,1000,5000,mixed,/workspace/data/input_n1000_m5000_s42_random_mixed_5050.txt,batch_ops,1.9946178666666665,0.06057424003635208,297470
cpp,1000,5000,mixed,/workspace/data/input_n1000_m5000_s42_random_mixed_5050.txt,build,0.011915100000000001,0.001751561615560083,1999
cpp,1000,5000,mixed,/workspace/data/input_n1000_m5000_s42_sorted_mixed_5050.txt,batch_ops,2.0498275333333336,0.061072740550317785,297470
cpp,1000,5000,mixed,/workspace/data/input_n1000_m5000_s42_sorted_mixed_5050.txt,build,0.0123834,0.0014632945492726451,1999
cpp,1000,5000,query,/workspace/data/input_n1000_m5000_s42_all_equal_query.txt,batch_ops,2.7570215,0.08579282877263307,494220
cpp,1000,5000,query,/workspace/data/input_n1000_m5000_s42_all_equal_query.txt,build,0.013344266666666667,0.002524842800614742,1999
cpp,1000,5000,query,/workspace/data/input_n1000_m5000_s42_duplicates_query.txt,batch_ops,2.882002,0.10815664785823902,494220
cpp,1000,5000,query,/workspace/data/input_n1000_m5000_s42_duplicates_query.txt,build,0.013477233333333333,0.0018174279605954187,1999
cpp,1000,5000,query,/workspace/data/input_n1000_m5000_s42_nearly_sorted_query.txt,batch_ops,3.0445517666666664,0.05582944304210764,494220
cpp,1000,5000,query,/workspace/data/input_n1000_m5000_s42_nearly_sorted_query.txt,build,0.015382133333333332,0.0021239777051452365,1999
cpp,1000,5000,query,/workspace/data/input_n1000_m5000_s42_random_query.txt,batch_ops,2.6096458,0.12894878892383652,494220
cpp,1000,5000,query,/workspace/data/input_n1000_m5000_s42_random_query.txt,build,0.011790266666666667,0.0016349970564843975,1999
cpp,1000,5000,query,/workspace/data/input_n1000_m5000_s42_sorted_query.txt,batch_ops,2.661470433333333,0.08342802497659532,494220
cpp,1000,5000,query,/workspace/data/input_n1000_m5000_s42_sorted_query.txt,build,0.012667466666666667,0.0024203299680049793,1999
cpp,1000,5000,update,/workspace/data/input_n1000_m5000_s42_all_equal_update.txt,batch_ops,1.2266629666666666,0.03595513179859064,108998
cpp,1000,5000,update,/workspace/data/input_n1000_m5000_s42_all_equal_update.txt,build,0.0137588,0.0017169437040155454,1999
cpp,1000,5000,update,/workspace/data/input_n1000_m5000_s42_duplicates_update.txt,batch_ops,1.1564786333333332,0.0432098295063099,108998
cpp,1000,5000,update,/workspace/data/input_n1000_m5000_s42_duplicates_update.txt,build,0.013288766666666667,0.0024900738762525503,1999
cpp,1000,5000,update,/workspace/data/input_n1000_m5000_s42_nearly_sorted_update.txt,batch_ops,1.3137185,0.026360120320156073,108998
cpp,1000,5000,update,/workspace/data/input_n1000_m5000_s42_nearly_sorted_update.txt,build,0.016923166666666666,0.0024862173190353387,1999
cpp,1000,5000,update,/workspace/data/input_n1000_m5000_s42_random_update.txt,batch_ops,1.0989190666666666,0.034983149974428175,108998
cpp,1000,5000,update,/workspace/data/input_n1000_m5000_s42_random_update.txt,build,0.0118208,0.0010241595848169435,1999
cpp,1000,5000,update,/workspace/data/input_n1000_m5000_s42_sorted_update.txt,batch_ops,1.1063901999999999,0.03798463153234843,108998
cpp,1000,5000,update,/workspace/data/input_n1000_m5000_s42_sorted_update.txt,build,0.011675766666666667,0.0007521357490888676,1999
cpp,10000,10000,mixed,/workspace/data/input_n10000_m10000_s42_all_equal_mixed_5050.txt,batch_ops,6.733557666666667,0.32916225507400193,837125
cpp,10000,10000,mixed,/workspace/data/input_n10000_m10000_s42_all_equal_mixed_5050.txt,build,0.1507405,0.04398853537766874,19999
cpp,10000,10000,mixed,/workspace/data/input_n10000_m10000_s42_duplicates_mixed_5050.txt,batch_ops,5.733133733333333,0.18732906185749518,837125
cpp,10000,10000,mixed,/workspace/data/input_n10000_m10000_s42_duplicates_mixed_5050.txt,build,0.1311669,0.04460922767100377,19999
cpp,10000,10000,mixed,/workspace/data/input_n10000_m10000_s42_nearly_sorted_mixed_5050.txt,batch_ops,5.7138792,0.20555431118729348,837125
cpp,10000,10000,mixed,/workspace/data/input_n10000_m10000_s42_nearly_sorted_mixed_5050.txt,build,0.1288724,0.041775079494837594,19999
cpp,10000,10000,mixed,/workspace/data/input_n10000_m10000_s42_random_mixed_5050.txt,batch_ops,5.905558233333333,0.2679806368331404,837125
cpp,10000,10000,mixed,/workspace/data/input_n10000_m10000_s42_random_mixed_5050.txt,build,0.1364638,0.046694209945574404,19999
cpp,10000,10000,mixed,/workspace/data/input_n10000_m10000_s42_sorted_mixed_5050.txt,batch_ops,6.1346818,0.21870410123717066,837125
cpp,10000,10000,mixed,/workspace/data/input_n10000_m10000_s42_sorted_mixed_5050.txt,build,0.14573866666666666,0.05081600229518619,19999
cpp,10000,10000,query,/workspace/data/input_n10000_m10000_s42_all_equal_query.txt,batch_ops,10.3371474,0.758720532117681,1394772
cpp,10000,10000,query,/workspace/data/input_n10000_m10000_s42_all_equal_query.txt,build,0.1778176,0.05573098217428385,19999
cpp,10000,10000,query,/workspace/data/input_n10000_m10000_s42_duplicates_query.txt,batch_ops,7.764362466666666,0.2741864854137923,1394772
cpp,10000,10000,query,/workspace/data/input_n10000_m10000_s42_duplicates_query.txt,build,0.13897096666666667,0.0566062945832628,19999
cpp,10000,10000,query,/workspace/data/input_n10000_m10000_s42_nearly_sorted_query.txt,batch_ops,7.6675238,0.30140004661709363,1394772
cpp,10000,10000,query,/workspace/data/input_n10000_m10000_s42_nearly_sorted_query.txt,build,0.1433267,0.04457809282762415,19999
cpp,10000,10000,query,/workspace/data/input_n10000_m10000_s42_random_query.txt,batch_ops,9.295412933333333,0.4705709238292485,1394772
cpp,10000,10000,query,/workspace/data/input_n10000_m10000_s42_random_query.txt,build,0.1645647,0.05174283435657273,19999
cpp,10000,10000,query,/workspace/data/input_n10000_m10000_s42_sorted_query.txt,batch_ops,7.7534569,0.26350833959875564,1394772
cpp,10000,10000,query,/workspace/data/input_n10000_m10000_s42_sorted_query.txt,build,0.1399678,0.04254961789398513,19999
cpp,10000,10000,update,/workspace/data/input_n10000_m10000_s42_all_equal_update.txt,batch_ops,4.411610066666666,0.40562451662122495,303448
cpp,10000,10000,update,/workspace/data/input_n10000_m10000_s42_all_equal_update.txt,build,0.18973973333333335,0.07233038282574993,19999
cpp,10000,10000,update,/workspace/data/input_n10000_m10000_s42_duplicates_update.txt,batch_ops,3.2564445333333336,0.22291676564857796,303448
cpp,10000,10000,update,/workspace/data/input_n10000_m10000_s42_duplicates_update.txt,build,0.1388411,0.07283403429874687,19999
cpp,10000,10000,update,/workspace/data/input_n10000_m10000_s42_nearly_sorted_update.txt,batch_ops,3.1967548333333338,0.12240463135143871,303448
cpp,10000,10000,update,/workspace/data/input_n10000_m10000_s42_nearly_sorted_update.txt,build,0.1295622,0.059171419256725394,19999
cpp,10000,10000,update,/workspace/data/input_n10000_m10000_s42_random_update.txt,batch_ops,4.3473703666666665,0.3228412483718726,303448
cpp,10000,10000,update,/workspace/data/input_n10000_m10000_s42_random_update.txt,build,0.18822919999999999,0.08592981938543681,19999
cpp,10000,10000,update,/workspace/data/input_n10000_m10000_s42_sorted_update.txt,batch_ops,3.3032003,0.21015760629455854,303448
cpp,10000,10000,update,/workspace/data/input_n10000_m10000_s42_sorted_update.txt,build,0.13929206666666666,0.058894753249676066,19999
cpp,10000,50000,mixed,/workspace/data/input_n10000_m50000_s42_all_equal_mixed_5050.txt,batch_ops,30.0294428,1.0242961672648905,4249685
cpp,10000,50000,mixed,/workspace/data/input_n10000_m50000_s42_all_equal_mixed_5050.txt,build,0.1342911,0.014900416275948528,19999
cpp,10000,50000,mixed,/workspace/data/input_n10000_m50000_s42_duplicates_mixed_5050.txt,batch_ops,36.739897166666665,1.3756350966545627,4249685
cpp,10000,50000,mixed,/workspace/data/input_n10000_m50000_s42_duplicates_mixed_5050.txt,build,0.16936823333333334,0.020576227730887242,19999
cpp,10000,50000,mixed,/workspace/data/input_n10000_m50000_s42_nearly_sorted_mixed_5050.txt,batch_ops,30.0000666,0.7772594096858167,4249685
cpp,10000,50000,mixed,/workspace/data/input_n10000_m50000_s42_nearly_sorted_mixed_5050.txt,build,0.12947076666666668,0.013693244336566823,19999
cpp,10000,50000,mixed,/workspace/data/input_n10000_m50000_s42_random_mixed_5050.txt,batch_ops,29.153440966666665,0.40897236685451716,4249685
cpp,10000,50000,mixed,/workspace/data/input_n10000_m50000_s42_random_mixed_5050.txt,build,0.12739863333333334,0.017716529477383225,19999
cpp,10000,50000,mixed,/workspace/data/input_n10000_m50000_s42_sorted_mixed_5050.txt,batch_ops,28.918015166666667,0.4518164852132877,4249685
cpp,10000,50000,mixed,/workspace/data/input_n10000_m50000_s42_sorted_mixed_5050.txt,build,0.1247008,0.00805573918952539,19999
cpp,10000,50000,query,/workspace/data/input_n10000_m50000_s42_all_equal_query.txt,batch_ops,39.26715106666666,1.2507309695027569,6971448
cpp,10000,50000,query,/workspace/data/input_n10000_m50000_s42_all_equal_query.txt,build,0.13350153333333334,0.012031186881380933,19999
cpp,10000,50000,query,/workspace/data/input_n10000_m50000_s42_duplicates_query.txt,batch_ops,40.2555658,2.9502281964665396,6971448
cpp,10000,50000,query,/workspace/data/input_n10000_m50000_s42_duplicates_query.txt,build,0.1378558,0.018588509039281456,19999
cpp,10000,50000,query,/workspace/data/input_n10000_m50000_s42_nearly_sorted_query.txt,batch_ops,40.5315527,3.207253771779252,6971448
cpp,10000,50000,query,/workspace/data/input_n10000_m50000_s42_nearly_sorted_query.txt,build,0.1371952,0.013076692185348146,19999
cpp,10000,50000,query,/workspace/data/input_n10000_m50000_s42_random_query.txt,batch_ops,40.71165536666667,1.3551628897254853,6971448
cpp,10000,50000,query,/workspace/data/input_n10000_m50000_s42_random_query.txt,build,0.13698543333333332,0.015310785172513216,19999
cpp,10000,50000,query,/workspace/data/input_n10000_m50000_s42_sorted_query.txt,batch_ops,38.1570941,0.915244031931841,6971448
cpp,10000,50000,query,/workspace/data/input_n10000_m50000_s42_sorted_query.txt,build,0.1360318,0.01436369241117194,19999
cpp,10000,50000,update,/workspace/data/input_n10000_m50000_s42_all_equal_update.txt,batch_ops,18.984765433333333,0.5892427756791904,1516356
cpp,10000,50000,update,/workspace/data/input_n10000_m50000_s42_all_equal_update.txt,build,0.14637256666666668,0.013961554623157204,19999
cpp,10000,50000,update,/workspace/data/input_n10000_m50000_s42_duplicates_update.txt,batch_ops,15.9815165,0.5221775759391696,1516356
cpp,10000,50000,update,/workspace/data/input_n10000_m50000_s42_duplicates_update.txt,build,0.12528886666666667,0.007049143898782821,19999
cpp,10000,50000,update,/workspace/data/input_n10000_m50000_s42_nearly_sorted_update.txt,batch_ops,15.882466266666666,0.3491439227015755,1516356
cpp,10000,50000,update,/workspace/data/input_n10000_m50000_s42_nearly_sorted_update.txt,build,0.12684623333333334,0.009614509264229451,19999
cpp,10000,50000,update,/workspace/data/input_n10000_m50000_s42_random_update.txt,batch_ops,15.986847633333333,0.28756995634879434,1516356
cpp,10000,50000,update,/workspace/data/input_n10000_m50000_s42_random_update.txt,build,0.13213026666666666,0.010474199230138962,19999
cpp,10000,50000,update,/workspace/data/input_n10000_m50000_s42_sorted_update.txt,batch_ops,15.894943366666666,0.5006048950006243,1516356
cpp,10000,50000,update,/workspace/data/input_n10000_m50000_s42_sorted_update.txt,build,0.1283631,0.01387775161991806,19999
cpp,100000,100000,mixed,/workspace/data/input_n100000_m100000_s42_all_equal_mixed_5050.txt,batch_ops,77.56590056666667,1.0696745899514057,10866247
cpp,100000,100000,mixed,/workspace/data/input_n100000_m100000_s42_all_equal_mixed_5050.txt,build,1.7496647,0.6359779389899789,199999
cpp,100000,100000,mixed,/workspace/data/input_n100000_m100000_s42_duplicates_mixed_5050.txt,batch_ops,77.43084613333333,0.9747667881267923,10866247
cpp,100000,100000,mixed,/workspace/data/input_n100000_m100000_s42_duplicates_mixed_5050.txt,build,1.7705376666666666,0.6415041111189435,199999
cpp,100000,100000,mixed,/workspace/data/input_n100000_m100000_s42_nearly_sorted_mixed_5050.txt,batch_ops,76.97062673333333,1.2063677054938715,10866247
cpp,100000,100000,mixed,/workspace/data/input_n100000_m100000_s42_nearly_sorted_mixed_5050.txt,build,1.7490708,0.6153403216346277,199999
cpp,100000,100000,mixed,/workspace/data/input_n100000_m100000_s42_random_mixed_5050.txt,batch_ops,89.86386106666667,2.5501801291271518,10866247
cpp,100000,100000,mixed,/workspace/data/input_n100000_m100000_s42_random_mixed_5050.txt,build,1.8636001333333332,0.6927245077243779,199999
cpp,100000,100000,mixed,/workspace/data/input_n100000_m100000_s42_sorted_mixed_5050.txt,batch_ops,78.71364626666667,1.1587948379206938,10866247
cpp,100000,100000,mixed,/workspace/data/input_n100000_m100000_s42_sorted_mixed_5050.txt,build,1.7432177666666668,0.6410290744348004,199999
cpp,100000,100000,query,/workspace/data/input_n100000_m100000_s42_all_equal_query.txt,batch_ops,100.61088406666666,1.6733671295481043,17920512
cpp,100000,100000,query,/workspace/data/input_n100000_m100000_s42_all_equal_query.txt,build,1.7218799333333334,0.6372629839342264,199999
cpp,100000,100000,query,/workspace/data/input_n100000_m100000_s42_duplicates_query.txt,batch_ops,101.17888556666666,1.8786714588321134,17920512
cpp,100000,100000,query,/workspace/data/input_n100000_m100000_s42_duplicates_query.txt,build,1.7385435333333334,0.656819384913268,199999
cpp,100000,100000,query,/workspace/data/input_n100000_m100000_s42_nearly_sorted_query.txt,batch_ops,100.77535726666666,2.2697573264990574,17920512
cpp,100000,100000,query,/workspace/data/input_n100000_m100000_s42_nearly_sorted_query.txt,build,1.7255757333333333,0.613965170572961,199999
cpp,100000,100000,query,/workspace/data/input_n100000_m100000_s42_random_query.txt,batch_ops,127.78042666666667,6.441583393884588,17920512
cpp,100000,100000,query,/workspace/data/input_n100000_m100000_s42_random_query.txt,build,1.8967144333333332,0.6730239855177413,199999
cpp,100000,100000,query,/workspace/data/input_n100000_m100000_s42_sorted_query.txt,batch_ops,101.98204179999999,2.077443590216216,17920512
cpp,100000,100000,query,/workspace/data/input_n100000_m100000_s42_sorted_query.txt,build,1.6919307666666665,0.6299366415551416,199999
cpp,100000,100000,update,/workspace/data/input_n100000_m100000_s42_all_equal_update.txt,batch_ops,45.6828077,0.7326612941650911,3868604
cpp,100000,100000,update,/workspace/data/input_n100000_m100000_s42_all_equal_update.txt,build,1.6962055666666667,0.6244721702570062,199999
cpp,100000,100000,update,/workspace/data/input_n100000_m100000_s42_duplicates_update.txt,batch_ops,46.206324,0.6768441469974877,3868604
cpp,100000,100000,update,/workspace/data/input_n100000_m100000_s42_duplicates_update.txt,build,1.746478,0.6456833365847167,199999
cpp,100000,100000,update,/workspace/data/input_n100000_m100000_s42_nearly_sorted_update.txt,batch_ops,46.5768386,1.0797466510585618,3868604
cpp,100000,100000,update,/workspace/data/input_n100000_m100000_s42_nearly_sorted_update.txt,build,1.7245225,0.6300551243339197,199999
cpp,100000,100000,update,/workspace/data/input_n100000_m100000_s42_random_update.txt,batch_ops,62.489820099999996,5.357346691421966,3868604
cpp,100000,100000,update,/workspace/data/input_n100000_m100000_s42_random_update.txt,build,2.061940633333333,0.769304807393841,199999
cpp,100000,100000,update,/workspace/data/input_n100000_m100000_s42_sorted_update.txt,batch_ops,46.29268066666667,1.114564854263771,3868604
cpp,100000,100000,update,/workspace/data/input_n100000_m100000_s42_sorted_update.txt,build,1.7607954333333333,0.6431469858724409,199999
cpp,100000,500000,mixed,/workspace/data/input_n100000_m500000_s42_all_equal_mixed_5050.txt,batch_ops,390.7861893666667,3.305302720061228,54485400
cpp,100000,500000,mixed,/workspace/data/input_n100000_m500000_s42_all_equal_mixed_5050.txt,build,1.6161323333333333,0.0929924382269994,199999
cpp,100000,500000,mixed,/workspace/data/input_n100000_m500000_s42_duplicates_mixed_5050.txt,batch_ops,396.00108293333335,1.9519494541792675,54485400
cpp,100000,500000,mixed,/workspace/data/input_n100000_m500000_s42_duplicates_mixed_5050.txt,build,1.6252613333333334,0.03160956997638463,199999
cpp,100000,500000,mixed,/workspace/data/input_n100000_m500000_s42_nearly_sorted_mixed_5050.txt,batch_ops,389.26726666666667,3.9706446476471497,54485400
cpp,100000,500000,mixed,/workspace/data/input_n100000_m500000_s42_nearly_sorted_mixed_5050.txt,build,1.6232522666666669,0.09008485387445332,199999
cpp,100000,500000,mixed,/workspace/data/input_n100000_m500000_s42_random_mixed_5050.txt,batch_ops,390.5049397,2.059111642744241,54485400
cpp,100000,500000,mixed,/workspace/data/input_n100000_m500000_s42_random_mixed_5050.txt,build,1.6316190999999998,0.02025154573810994,199999
cpp,100000,500000,mixed,/workspace/data/input_n100000_m500000_s42_sorted_mixed_5050.txt,batch_ops,392.84594756666667,3.4764176886833673,54485400
cpp,100000,500000,mixed,/workspace/data/input_n100000_m500000_s42_sorted_mixed_5050.txt,build,1.6286249666666668,0.019538990787623896,199999
cpp,100000,500000,query,/workspace/data/input_n100000_m500000_s42_all_equal_query.txt,batch_ops,499.66927416666664,2.8600783488862995,89624244
cpp,100000,500000,query,/workspace/data/input_n100000_m500000_s42_all_equal_query.txt,build,1.5713577666666665,0.020969688249673744,199999
cpp,100000,500000,query,/workspace/data/input_n100000_m500000_s42_duplicates_query.txt,batch_ops,509.35234863333335,1.9468257847270052,89624244
cpp,100000,500000,query,/workspace/data/input_n100000_m500000_s42_duplicates_query.txt,build,1.6227514666666667,0.03560782004747464,199999
cpp,100000,500000,query,/workspace/data/input_n100000_m500000_s42_nearly_sorted_query.txt,batch_ops,496.77585426666667,5.20458909881994,89624244
cpp,100000,500000,query,/workspace/data/input_n100000_m500000_s42_nearly_sorted_query.txt,build,1.5809914333333335,0.01904877117890908,199999
cpp,100000,500000,query,/workspace/data/input_n100000_m500000_s42_random_query.txt,batch_ops,593.2847895,40.8396213445613,89624244
cpp,100000,500000,query,/workspace/data/input_n100000_m500000_s42_random_query.txt,build,1.7690230333333332,0.1763249002793312,199999
cpp,100000,500000,query,/workspace/data/input_n100000_m500000_s42_sorted_query.txt,batch_ops,498.2958652,4.185401520324406,89624244
cpp,100000,500000,query,/workspace/data/input_n100000_m500000_s42_sorted_query.txt,build,1.5919381666666665,0.045413676192487325,199999
cpp,100000,500000,update,/workspace/data/input_n100000_m500000_s42_all_equal_update.txt,batch_ops,233.4502052,1.7120179369118667,19348754
cpp,100000,500000,update,/workspace/data/input_n100000_m500000_s42_all_equal_update.txt,build,1.7152131333333334,0.6339799287704962,199999
cpp,100000,500000,update,/workspace/data/input_n100000_m500000_s42_duplicates_update.txt,batch_ops,232.1726975,1.3031672315919205,19348754
cpp,100000,500000,update,/workspace/data/input_n100000_m500000_s42_duplicates_update.txt,build,1.7313345666666666,0.621575873153828,199999
cpp,100000,500000,update,/workspace/data/input_n100000_m500000_s42_nearly_sorted_update.txt,batch_ops,234.66392176666668,1.7813963537782254,19348754
cpp,100000,500000,update,/workspace/data/input_n100000_m500000_s42_nearly_sorted_update.txt,build,1.7488614333333332,0.6309034533604299,199999
cpp,100000,500000,update,/workspace/data/input_n100000_m500000_s42_random_update.txt,batch_ops,234.27353943333335,1.489895691017615,19348754
cpp,100000,500000,update,/workspace/data/input_n100000_m500000_s42_random_update.txt,build,1.7404969333333333,0.6339187762365978,199999
cpp,100000,500000,update,/workspace/data/input_n100000_m500000_s42_sorted_update.txt,batch_ops,230.8593278,0.954219704318111,19348754
cpp,100000,500000,update,/workspace/data/input_n100000_m500000_s42_sorted_update.txt,build,1.7267047,0.6449052833840796,199999
java,100,100,mixed,/workspace/data/input_n100_m100_s42_all_equal_mixed_5050.txt,batch_ops,0.07840073333333333,0.036220924685861494,3724
java,100,100,mixed,/workspace/data/input_n100_m100_s42_all_equal_mixed_5050.txt,build,0.0121634,0.003698295838672838,199
java,100,100,mixed,/workspace/data/input_n100_m100_s42_duplicates_mixed_5050.txt,batch_ops,0.08127183333333333,0.028470995988153825,3724
java,100,100,mixed,/workspace/data/input_n100_m100_s42_duplicates_mixed_5050.txt,build,0.0215031,0.045623068866339524,199
java,100,100,mixed,/workspace/data/input_n100_m100_s42_nearly_sorted_mixed_5050.txt,batch_ops,0.0781418,0.026978722105418167,3724
java,100,100,mixed,/workspace/data/input_n100_m100_s42_nearly_sorted_mixed_5050.txt,build,0.0123893,0.0028366066316566738,199
java,100,100,mixed,/workspace/data/input_n100_m100_s42_random_mixed_5050.txt,batch_ops,0.07748346666666667,0.025812914485921018,3724
java,100,100,mixed,/workspace/data/input_n100_m100_s42_random_mixed_5050.txt,build,0.013115366666666666,0.003461589763173237,199
java,100,100,mixed,/workspace/data/input_n100_m100_s42_sorted_mixed_5050.txt,batch_ops,0.0838183,0.02946035758514868,3724
java,100,100,mixed,/workspace/data/input_n100_m100_s42_sorted_mixed_5050.txt,build,0.013697733333333333,0.005010498494942004,199
java,100,100,query,/workspace/data/input_n100_m100_s42_all_equal_query.txt,batch_ops,0.057371399999999996,0.013436524862709366,5706
java,100,100,query,/workspace/data/input_n100_m100_s42_all_equal_query.txt,build,0.012416166666666667,0.006224929486282989,199
java,100,100,query,/workspace/data/input_n100_m100_s42_duplicates_query.txt,batch_ops,0.06313073333333333,0.017293470493788692,5706
java,100,100,query,/workspace/data/input_n100_m100_s42_duplicates_query.txt,build,0.012311299999999999,0.003036517289877358,199
java,100,100,query,/workspace/data/input_n100_m100_s42_nearly_sorted_query.txt,batch_ops,0.06438166666666666,0.013098769569310128,5706
java,100,100,query,/workspace/data/input_n100_m100_s42_nearly_sorted_query.txt,build,0.014076066666666666,0.006467099887965202,199
java,100,100,query,/workspace/data/input_n100_m100_s42_random_query.txt,batch_ops,0.061466933333333335,0.015964493494850577,5706
java,100,100,query,/workspace/data/input_n100_m100_s42_random_query.txt,build,0.013239266666666666,0.005174537186923153,199
java,100,100,query,/workspace/data/input_n100_m100_s42_sorted_query.txt,batch_ops,0.058331,0.01435896624604893,5706
java,100,100,query,/workspace/data/input_n100_m100_s42_sorted_query.txt,build,0.0126651,0.005182430613005898,199
java,100,100,update,/workspace/data/input_n100_m100_s42_all_equal_update.txt,batch_ops,0.049384033333333334,0.01916267489153981,1393
java,100,100,update,/workspace/data/input_n100_m100_s42_all_equal_update.txt,build,0.012457833333333333,0.0037126339017610867,199
java,100,100,update,/workspace/data/input_n100_m100_s42_duplicates_update.txt,batch_ops,0.048643566666666666,0.02059585512650432,1393
java,100,100,update,/workspace/data/input_n100_m100_s42_duplicates_update.txt,build,0.012196566666666667,0.002694844844658335,199
java,100,100,update,/workspace/data/input_n100_m100_s42_nearly_sorted_update.txt,batch_ops,0.04953913333333333,0.024280511888504656,1393
java,100,100,update,/workspace/data/input_n100_m100_s42_nearly_sorted_update.txt,build,0.011219,0.002059297955363797,199
java,100,100,update,/workspace/data/input_n100_m100_s42_random_update.txt,batch_ops,0.043825633333333336,0.017714996143893477,1393
java,100,100,update,/workspace/data/input_n100_m100_s42_random_update.txt,build,0.011528966666666666,0.003212151341426784,199
java,100,100,update,/workspace/data/input_n100_m100_s42_sorted_update.txt,batch_ops,0.049222966666666666,0.024526885949466993,1393
java,100,100,update,/workspace/data/input_n100_m100_s42_sorted_update.txt,build,0.013364066666666667,0.005598195078177728,199
java,100,500,mixed,/workspace/data/input_n100_m500_s42_all_equal_mixed_5050.txt,batch_ops,0.3261134,0.027826640599897475,18852
java,100,500,mixed,/workspace/data/input_n100_m500_s42_all_equal_mixed_5050.txt,build,0.014858000000000001,0.0036243704994441965,199
java,100,500,mixed,/workspace/data/input_n100_m500_s42_duplicates_mixed_5050.txt,batch_ops,0.31880356666666665,0.03311461295798985,18852
java,100,500,mixed,/workspace/data/input_n100_m500_s42_duplicates_mixed_5050.txt,build,0.014272866666666667,0.003417826691327989,199
java,100,500,mixed,/workspace/data/input_n100_m500_s42_nearly_sorted_mixed_5050.txt,batch_ops,0.3085927666666667,0.029874338929270383,18852
java,100,500,mixed,/workspace/data/input_n100_m500_s42_nearly_sorted_mixed_5050.txt,build,0.013430433333333333,0.00281822314629251,199
java,100,500,mixed,/workspace/data/input_n100_m500_s42_random_mixed_5050.txt,batch_ops,0.3111800333333334,0.02655230025425201,18852
java,100,500,mixed,/workspace/data/input_n100_m500_s42_random_mixed_5050.txt,build,0.013612533333333334,0.002621562152522848,199
java,100,500,mixed,/workspace/data/input_n100_m500_s42_sorted_mixed_5050.txt,batch_ops,0.3097628,0.02831853277832808,18852
java,100,500,mixed,/workspace/data/input_n100_m500_s42_sorted_mixed_5050.txt,build,0.014031966666666668,0.004542176316316414,199
java,100,500,query,/workspace/data/input_n100_m500_s42_all_equal_query.txt,batch_ops,0.3114110666666667,0.025742841606850655,29664
java,100,500,query,/workspace/data/input_n100_m500_s42_all_equal_query.txt,build,0.015463033333333332,0.004858695677700524,199
java,100,500,query,/workspace/data/input_n100_m500_s42_duplicates_query.txt,batch_ops,0.27206386666666665,0.023486192426003496,29664
java,100,500,query,/workspace/data/input_n100_m500_s42_duplicates_query.txt,build,0.013414566666666666,0.0036678457614634035,199
java,100,500,query,/workspace/data/input_n100_m500_s42_nearly_sorted_query.txt,batch_ops,0.2957804333333333,0.03119086326395236,29664
java,100,500,query,/workspace/data/input_n100_m500_s42_nearly_sorted_query.txt,build,0.013296833333333334,0.003688098436147365,199
java,100,500,query,/workspace/data/input_n100_m500_s42_random_query.txt,batch_ops,0.2956977,0.035957411796649,29664
java,100,500,query,/workspace/data/input_n100_m500_s42_random_query.txt,build,0.0146233,0.004475423702923518,199
java,100,500,query,/workspace/data/input_n100_m500_s42_sorted_query.txt,batch_ops,0.30167113333333334,0.029054335313913715,29664
java,100,500,query,/workspace/data/input_n100_m500_s42_sorted_query.txt,build,0.014029266666666668,0.0043581754639657,199
java,100,500,update,/workspace/data/input_n100_m500_s42_all_equal_update.txt,batch_ops,0.1376281,0.016104773446040038,6872
java,100,500,update,/workspace/data/input_n100_m500_s42_all_equal_update.txt,build,0.012516633333333334,0.003148216347594994,199
java,100,500,update,/workspace/data/input_n100_m500_s42_duplicates_update.txt,batch_ops,0.13621893333333332,0.016230077771784115,6872
java,100,500,update,/workspace/data/input_n100_m500_s42_duplicates_update.txt,build,0.0123947,0.0031246143613086965,199
java,100,500,update,/workspace/data/input_n100_m500_s42_nearly_sorted_update.txt,batch_ops,0.13562053333333332,0.016822936798708284,6872
java,100,500,update,/workspace/data/input_n100_m500_s42_nearly_sorted_update.txt,build,0.010921433333333334,0.0029232687972404344,199
java,100,500,update,/workspace/data/input_n100_m500_s42_random_update.txt,batch_ops,0.1354134,0.016307838480419428,6872
java,100,500,update,/workspace/data/input_n100_m500_s42_random_update.txt,build,0.011513733333333333,0.0034473154166117727,199
java,100,500,update,/workspace/data/input_n100_m500_s42_sorted_update.txt,batch_ops,0.14009013333333334,0.017834991640289465,6872
java,100,500,update,/workspace/data/input_n100_m500_s42_sorted_update.txt,build,0.013174700000000001,0.0041959462797751135,199
java,1000,1000,mixed,/workspace/data/input_n1000_m1000_s42_all_equal_mixed_5050.txt,batch_ops,0.8315616,0.12282735586842038,61121
java,1000,1000,mixed,/workspace/data/input_n1000_m1000_s42_all_equal_mixed_5050.txt,build,0.0790476,0.00850864075453037,1999
java,1000,1000,mixed,/workspace/data/input_n1000_m1000_s42_duplicates_mixed_5050.txt,batch_ops,0.8401556333333333,0.09008290057783488,61121
java,1000,1000,mixed,/workspace/data/input_n1000_m1000_s42_duplicates_mixed_5050.txt,build,0.09243333333333334,0.010187478535905743,1999
java,1000,1000,mixed,/workspace/data/input_n1000_m1000_s42_nearly_sorted_mixed_5050.txt,batch_ops,0.8394836666666666,0.11618121522308437,61121
java,1000,1000,mixed,/workspace/data/input_n1000_m1000_s42_nearly_sorted_mixed_5050.txt,build,0.09353623333333334,0.0171473744339523,1999
java,1000,1000,mixed,/workspace/data/input_n1000_m1000_s42_random_mixed_5050.txt,batch_ops,0.8024792333333333,0.1084822376023814,61121
java,1000,1000,mixed,/workspace/data/input_n1000_m1000_s42_random_mixed_5050.txt,build,0.09054656666666668,0.01541762352697523,1999
java,1000,1000,mixed,/workspace/data/input_n1000_m1000_s42_sorted_mixed_5050.txt,batch_ops,0.8374314666666667,0.11629658347836457,61121
java,1000,1000,mixed,/workspace/data/input_n1000_m1000_s42_sorted_mixed_5050.txt,build,0.08984656666666666,0.02538787434798738,1999
java,1000,1000,query,/workspace/data/input_n1000_m1000_s42_all_equal_query.txt,batch_ops,0.7059541666666667,0.1261174445567425,98004
java,1000,1000,query,/workspace/data/input_n1000_m1000_s42_all_equal_query.txt,build,0.07176226666666667,0.007347370751562743,1999
java,1000,1000,query,/workspace/data/input_n1000_m1000_s42_duplicates_query.txt,batch_ops,0.7088232666666666,0.10142324168482024,98004
java,1000,1000,query,/workspace/data/input_n1000_m1000_s42_duplicates_query.txt,build,0.07114073333333333,0.010456340178400702,1999
java,1000,1000,query,/workspace/data/input_n1000_m1000_s42_nearly_sorted_query.txt,batch_ops,0.7144565666666666,0.1209025182022002,98004
java,1000,1000,query,/workspace/data/input_n1000_m1000_s42_nearly_sorted_query.txt,build,0.07557593333333333,0.016058542015095104,1999
java,1000,1000,query,/workspace/data/input_n1000_m1000_s42_random_query.txt,batch_ops,0.7943041999999999,0.14144132192206804,98004
java,1000,1000,query,/workspace/data/input_n1000_m1000_s42_random_query.txt,build,0.08307866666666668,0.016462141804200605,1999
java,1000,1000,query,/workspace/data/input_n1000_m1000_s42_sorted_query.txt,batch_ops,0.6937410666666667,0.10530582712007762,98004
java,1000,1000,query,/workspace/data/input_n1000_m1000_s42_sorted_query.txt,build,0.06836376666666667,0.014295254729149262,1999
java,1000,1000,update,/workspace/data/input_n1000_m1000_s42_all_equal_update.txt,batch_ops,0.38384786666666665,0.03801413345580038,21846
java,1000,1000,update,/workspace/data/input_n1000_m1000_s42_all_equal_update.txt,build,0.07508543333333333,0.009207667336044686,1999
java,1000,1000,update,/workspace/data/input_n1000_m1000_s42_duplicates_update.txt,batch_ops,0.5700414333333333,0.15249860627733575,21846
java,1000,1000,update,/workspace/data/input_n1000_m1000_s42_duplicates_update.txt,build,0.0876293,0.012779702830040218,1999
java,1000,1000,update,/workspace/data/input_n1000_m1000_s42_nearly_sorted_update.txt,batch_ops,0.4695426,0.11882163597147584,21846
java,1000,1000,update,/workspace/data/input_n1000_m1000_s42_nearly_sorted_update.txt,build,0.0832869,0.022018698297442404,1999
java,1000,1000,update,/workspace/data/input_n1000_m1000_s42_random_update.txt,batch_ops,0.4831338,0.14115343655225104,21846
java,1000,1000,update,/workspace/data/input_n1000_m1000_s42_random_update.txt,build,0.0863343,0.01863885758884491,1999
java,1000,1000,update,/workspace/data/input_n1000_m1000_s42_sorted_update.txt,batch_ops,0.48020080000000004,0.14125847554416707,21846
java,1000,1000,update,/workspace/data/input_n1000_m1000_s42_sorted_update.txt,build,0.0826032,0.017441528415705492,1999
java,1000,5000,mixed,/workspace/data/input_n1000_m5000_s42_all_equal_mixed_5050.txt,batch_ops,3.2137482,0.5894425964752424,297470
java,1000,5000,mixed,/workspace/data/input_n1000_m5000_s42_all_equal_mixed_5050.txt,build,0.09517016666666667,0.012889460990531636,1999
java,1000,5000,mixed,/workspace/data/input_n1000_m5000_s42_duplicates_mixed_5050.txt,batch_ops,3.2233716666666665,0.5462336182902929,297470
java,1000,5000,mixed,/workspace/data/input_n1000_m5000_s42_duplicates_mixed_5050.txt,build,0.09632113333333334,0.014269586840630632,1999
java,1000,5000,mixed,/workspace/data/input_n1000_m5000_s42_nearly_sorted_mixed_5050.txt,batch_ops,3.1067470666666663,0.5627989494760756,297470
java,1000,5000,mixed,/workspace/data/input_n1000_m5000_s42_nearly_sorted_mixed_5050.txt,build,0.0988018,0.026273465959877233,1999
java,1000,5000,mixed,/workspace/data/input_n1000_m5000_s42_random_mixed_5050.txt,batch_ops,2.9895163666666664,0.5541790192964526,297470
java,1000,5000,mixed,/workspace/data/input_n1000_m5000_s42_random_mixed_5050.txt,build,0.09402133333333333,0.02271463241041399,1999
java,1000,5000,mixed,/workspace/data/input_n1000_m5000_s42_sorted_mixed_5050.txt,batch_ops,2.8850509,0.49364437802268435,297470
java,1000,5000,mixed,/workspace/data/input_n1000_m5000_s42_sorted_mixed_5050.txt,build,0.0887397,0.01823374180516005,1999
java,1000,5000,query,/workspace/data/input_n1000_m5000_s42_all_equal_query.txt,batch_ops,3.1631441,0.23064716450821468,494220
java,1000,5000,query,/workspace/data/input_n1000_m5000_s42_all_equal_query.txt,build,0.08932593333333333,0.015172301855078195,1999
java,1000,5000,query,/workspace/data/input_n1000_m5000_s42_duplicates_query.txt,batch_ops,3.0035471666666664,0.2116831763416138,494220
java,1000,5000,query,/workspace/data/input_n1000_m5000_s42_duplicates_query.txt,build,0.09014706666666666,0.019195404045712634,1999
java,1000,5000,query,/workspace/data/input_n1000_m5000_s42_nearly_sorted_query.txt,batch_ops,3.1452698,0.22030852277554971,494220
java,1000,5000,query,/workspace/data/input_n1000_m5000_s42_nearly_sorted_query.txt,build,0.0922949,0.014651586790256335,1999
java,1000,5000,query,/workspace/data/input_n1000_m5000_s42_random_query.txt,batch_ops,2.9093674666666667,0.2696102104026495,494220
java,1000,5000,query,/workspace/data/input_n1000_m5000_s42_random_query.txt,build,0.0928185,0.021925664813181842,1999
java,1000,5000,query,/workspace/data/input_n1000_m5000_s42_sorted_query.txt,batch_ops,2.9712638,0.2140701673856269,494220
java,1000,5000,query,/workspace/data/input_n1000_m5000_s42_sorted_query.txt,build,0.08778326666666667,0.027807579420668412,1999
java,1000,5000,update,/workspace/data/input_n1000_m5000_s42_all_equal_update.txt,batch_ops,1.7937384333333335,0.30162612655058435,108998
java,1000,5000,update,/workspace/data/input_n1000_m5000_s42_all_equal_update.txt,build,0.09054243333333334,0.009623325802205925,1999
java,1000,5000,update,/workspace/data/input_n1000_m5000_s42_duplicates_update.txt,batch_ops,1.5522478666666666,0.2896096220461359,108998
java,1000,5000,update,/workspace/data/input_n1000_m5000_s42_duplicates_update.txt,build,0.0794669,0.010552896710839883,1999
java,1000,5000,update,/workspace/data/input_n1000_m5000_s42_nearly_sorted_update.txt,batch_ops,1.7710687,0.33508871383994293,108998
java,1000,5000,update,/workspace/data/input_n1000_m5000_s42_nearly_sorted_update.txt,build,0.0875098,0.012488897412474421,1999
java,1000,5000,update,/workspace/data/input_n1000_m5000_s42_random_update.txt,batch_ops,1.5729472666666666,0.2582151213438439,108998
java,1000,5000,update,/workspace/data/input_n1000_m5000_s42_random_update.txt,build,0.09245623333333333,0.02934515841601336,1999
java,1000,5000,update,/workspace/data/input_n1000_m5000_s42_sorted_update.txt,batch_ops,1.5856295333333332,0.2656584679401852,108998
java,1000,5000,update,/workspace/data/input_n1000_m5000_s42_sorted_update.txt,build,0.08595956666666667,0.016755197500731105,1999
java,10000,10000,mixed,/workspace/data/input_n10000_m10000_s42_all_equal_mixed_5050.txt,batch_ops,7.897532166666666,0.5055945333870152,837125
java,10000,10000,mixed,/workspace/data/input_n10000_m10000_s42_all_equal_mixed_5050.txt,build,0.4990404,0.43882257465377233,19999
java,10000,10000,mixed,/workspace/data/input_n10000_m10000_s42_duplicates_mixed_5050.txt,batch_ops,7.017952066666667,0.49020293890281963,837125
java,10000,10000,mixed,/workspace/data/input_n10000_m10000_s42_duplicates_mixed_5050.txt,build,0.4702352333333334,0.5155884491024884,19999
java,10000,10000,mixed,/workspace/data/input_n10000_m10000_s42_nearly_sorted_mixed_5050.txt,batch_ops,7.044582233333333,0.6166812825365652,837125
java,10000,10000,mixed,/workspace/data/input_n10000_m10000_s42_nearly_sorted_mixed_5050.txt,build,0.46504,0.39611368014045395,19999
java,10000,10000,mixed,/workspace/data/input_n10000_m10000_s42_random_mixed_5050.txt,batch_ops,7.793358799999999,0.6053297473607995,837125
java,10000,10000,mixed,/workspace/data/input_n10000_m10000_s42_random_mixed_5050.txt,build,0.4862592666666667,0.39236249734098005,19999
java,10000,10000,mixed,/workspace/data/input_n10000_m10000_s42_sorted_mixed_5050.txt,batch_ops,7.168350200000001,0.7092769403576651,837125
java,10000,10000,mixed,/workspace/data/input_n10000_m10000_s42_sorted_mixed_5050.txt,build,0.48140626666666664,0.45207462331573567,19999
java,10000,10000,query,/workspace/data/input_n10000_m10000_s42_all_equal_query.txt,batch_ops,12.3380679,1.3560558385167385,1394772
java,10000,10000,query,/workspace/data/input_n10000_m10000_s42_all_equal_query.txt,build,0.9537690666666666,2.4731625611775727,19999
java,10000,10000,query,/workspace/data/input_n10000_m10000_s42_duplicates_query.txt,batch_ops,8.0531919,0.8118697657293349,1394772
java,10000,10000,query,/workspace/data/input_n10000_m10000_s42_duplicates_query.txt,build,0.5526942666666667,0.9461998929374035,19999
java,10000,10000,query,/workspace/data/input_n10000_m10000_s42_nearly_sorted_query.txt,batch_ops,8.2669127,0.8874378731407416,1394772
java,10000,10000,query,/workspace/data/input_n10000_m10000_s42_nearly_sorted_query.txt,build,0.5168163,0.6773384652096993,19999
java,10000,10000,query,/workspace/data/input_n10000_m10000_s42_random_query.txt,batch_ops,9.1011198,0.8431107817518204,1394772
java,10000,10000,query,/workspace/data/input_n10000_m10000_s42_random_query.txt,build,0.5326695333333333,0.7151465362869026,19999
java,10000,10000,query,/workspace/data/input_n10000_m10000_s42_sorted_query.txt,batch_ops,8.035483466666667,0.8985968173953685,1394772
java,10000,10000,query,/workspace/data/input_n10000_m10000_s42_sorted_query.txt,build,0.49084283333333334,0.6682458175718584,19999
java,10000,10000,update,/workspace/data/input_n10000_m10000_s42_all_equal_update.txt,batch_ops,6.3456003333333335,0.7160885179373756,303448
java,10000,10000,update,/workspace/data/input_n10000_m10000_s42_all_equal_update.txt,build,0.6799617333333334,0.6919829848307232,19999
java,10000,10000,update,/workspace/data/input_n10000_m10000_s42_duplicates_update.txt,batch_ops,4.071335433333333,0.39382678638804763,303448
java,10000,10000,update,/workspace/data/input_n10000_m10000_s42_duplicates_update.txt,build,0.4725531,0.4419969859587007,19999
java,10000,10000,update,/workspace/data/input_n10000_m10000_s42_nearly_sorted_update.txt,batch_ops,4.127848533333333,0.3890312596579933,303448
java,10000,10000,update,/workspace/data/input_n10000_m10000_s42_nearly_sorted_update.txt,build,0.4570013,0.38639761765196456,19999
java,10000,10000,update,/workspace/data/input_n10000_m10000_s42_random_update.txt,batch_ops,5.322240533333333,0.587586766990892,303448
java,10000,10000,update,/workspace/data/input_n10000_m10000_s42_random_update.txt,build,0.5727903,0.5084057368369284,19999
java,10000,10000,update,/workspace/data/input_n10000_m10000_s42_sorted_update.txt,batch_ops,4.065604966666666,0.3943508893619804,303448
java,10000,10000,update,/workspace/data/input_n10000_m10000_s42_sorted_update.txt,build,0.4814514666666667,0.5246142542461628,19999
java,10000,50000,mixed,/workspace/data/input_n10000_m50000_s42_all_equal_mixed_5050.txt,batch_ops,32.987648633333336,1.337210784086748,4249685
java,10000,50000,mixed,/workspace/data/input_n10000_m50000_s42_all_equal_mixed_5050.txt,build,0.38552440000000004,0.18511285968287677,19999
java,10000,50000,mixed,/workspace/data/input_n10000_m50000_s42_duplicates_mixed_5050.txt,batch_ops,39.291160766666664,1.7917217891321577,4249685
java,10000,50000,mixed,/workspace/data/input_n10000_m50000_s42_duplicates_mixed_5050.txt,build,0.5249243,0.721252839079963,19999
java,10000,50000,mixed,/workspace/data/input_n10000_m50000_s42_nearly_sorted_mixed_5050.txt,batch_ops,33.38686186666667,1.3113633061696208,4249685
java,10000,50000,mixed,/workspace/data/input_n10000_m50000_s42_nearly_sorted_mixed_5050.txt,build,0.4372567333333333,0.22754692691352368,19999
java,10000,50000,mixed,/workspace/data/input_n10000_m50000_s42_random_mixed_5050.txt,batch_ops,32.63811583333333,1.3604761205518694,4249685
java,10000,50000,mixed,/workspace/data/input_n10000_m50000_s42_random_mixed_5050.txt,build,0.4028158333333333,0.19039611766798245,19999
java,10000,50000,mixed,/workspace/data/input_n10000_m50000_s42_sorted_mixed_5050.txt,batch_ops,33.49062246666667,1.5938431421687846,4249685
java,10000,50000,mixed,/workspace/data/input_n10000_m50000_s42_sorted_mixed_5050.txt,build,0.4068660333333333,0.20798809878858093,19999
java,10000,50000,query,/workspace/data/input_n10000_m50000_s42_all_equal_query.txt,batch_ops,36.934971600000004,1.3595211102428832,6971448
java,10000,50000,query,/workspace/data/input_n10000_m50000_s42_all_equal_query.txt,build,0.41096213333333337,1.104866533998025,19999
java,10000,50000,query,/workspace/data/input_n10000_m50000_s42_duplicates_query.txt,batch_ops,37.0317089,1.3418783240124668,6971448
java,10000,50000,query,/workspace/data/input_n10000_m50000_s42_duplicates_query.txt,build,0.38016716666666667,0.9212419330004951,19999
java,10000,50000,query,/workspace/data/input_n10000_m50000_s42_nearly_sorted_query.txt,batch_ops,41.284284766666666,2.0550038340002414,6971448
java,10000,50000,query,/workspace/data/input_n10000_m50000_s42_nearly_sorted_query.txt,build,0.410576,1.0092331881874645,19999
java,10000,50000,query,/workspace/data/input_n10000_m50000_s42_random_query.txt,batch_ops,36.67350896666667,1.4745959653136693,6971448
java,10000,50000,query,/workspace/data/input_n10000_m50000_s42_random_query.txt,build,0.3689118666666667,0.9228626422392495,19999
java,10000,50000,query,/workspace/data/input_n10000_m50000_s42_sorted_query.txt,batch_ops,36.736062233333335,1.4288643715861375,6971448
java,10000,50000,query,/workspace/data/input_n10000_m50000_s42_sorted_query.txt,build,0.3792971,0.9504025708365086,19999
java,10000,50000,update,/workspace/data/input_n10000_m50000_s42_all_equal_update.txt,batch_ops,20.177514900000002,1.1772962986018758,1516356
java,10000,50000,update,/workspace/data/input_n10000_m50000_s42_all_equal_update.txt,build,0.42225603333333334,0.20768156457846101,19999
java,10000,50000,update,/workspace/data/input_n10000_m50000_s42_duplicates_update.txt,batch_ops,19.021325,0.6829460152356157,1516356
java,10000,50000,update,/workspace/data/input_n10000_m50000_s42_duplicates_update.txt,build,0.39972943333333333,0.20117138099634885,19999
java,10000,50000,update,/workspace/data/input_n10000_m50000_s42_nearly_sorted_update.txt,batch_ops,19.249849733333335,0.6954286671990177,1516356
java,10000,50000,update,/workspace/data/input_n10000_m50000_s42_nearly_sorted_update.txt,build,0.4128365333333333,0.21464803090813628,19999
java,10000,50000,update,/workspace/data/input_n10000_m50000_s42_random_update.txt,batch_ops,18.76149493333333,0.6172284226277274,1516356
java,10000,50000,update,/workspace/data/input_n10000_m50000_s42_random_update.txt,build,0.4009374333333333,0.19163759451374004,19999
java,10000,50000,update,/workspace/data/input_n10000_m50000_s42_sorted_update.txt,batch_ops,20.376296200000002,2.092609016145493,1516356
java,10000,50000,update,/workspace/data/input_n10000_m50000_s42_sorted_update.txt,build,0.4110868,0.19104459329071255,19999
java,100000,100000,mixed,/workspace/data/input_n100000_m100000_s42_all_equal_mixed_5050.txt,batch_ops,91.41165906666667,1.6056126009278022,10866247
java,100000,100000,mixed,/workspace/data/input_n100000_m100000_s42_all_equal_mixed_5050.txt,build,3.2955803333333336,2.334544511396755,199999
java,100000,100000,mixed,/workspace/data/input_n100000_m100000_s42_duplicates_mixed_5050.txt,batch_ops,88.80776599999999,1.2952107057642297,10866247
java,100000,100000,mixed,/workspace/data/input_n100000_m100000_s42_duplicates_mixed_5050.txt,build,3.8795409000000003,3.4384383981901085,199999
java,100000,100000,mixed,/workspace/data/input_n100000_m100000_s42_nearly_sorted_mixed_5050.txt,batch_ops,88.4197991,1.4829117687510434,10866247
java,100000,100000,mixed,/workspace/data/input_n100000_m100000_s42_nearly_sorted_mixed_5050.txt,build,3.6692398333333336,3.000334892272782,199999
java,100000,100000,mixed,/workspace/data/input_n100000_m100000_s42_random_mixed_5050.txt,batch_ops,104.91001630000001,9.368867925489363,10866247
java,100000,100000,mixed,/workspace/data/input_n100000_m100000_s42_random_mixed_5050.txt,build,3.6811806,2.9198532130800636,199999
java,100000,100000,mixed,/workspace/data/input_n100000_m100000_s42_sorted_mixed_5050.txt,batch_ops,90.6497456,1.2623638717394752,10866247
java,100000,100000,mixed,/workspace/data/input_n100000_m100000_s42_sorted_mixed_5050.txt,build,3.4838949,2.552858120930712,199999
java,100000,100000,query,/workspace/data/input_n100000_m100000_s42_all_equal_query.txt,batch_ops,93.50581036666668,2.104913881082752,17920512
java,100000,100000,query,/workspace/data/input_n100000_m100000_s42_all_equal_query.txt,build,3.2360960333333333,2.341843061677431,199999
java,100000,100000,query,/workspace/data/input_n100000_m100000_s42_duplicates_query.txt,batch_ops,94.85155719999999,2.652161494221372,17920512
java,100000,100000,query,/workspace/data/input_n100000_m100000_s42_duplicates_query.txt,build,3.5943180666666668,2.8492478339307064,199999
java,100000,100000,query,/workspace/data/input_n100000_m100000_s42_nearly_sorted_query.txt,batch_ops,94.7989445,2.441109366452543,17920512
java,100000,100000,query,/workspace/data/input_n100000_m100000_s42_nearly_sorted_query.txt,build,3.6492303333333336,2.629801889461603,199999
java,100000,100000,query,/workspace/data/input_n100000_m100000_s42_random_query.txt,batch_ops,118.66926426666667,3.0804901091375245,17920512
java,100000,100000,query,/workspace/data/input_n100000_m100000_s42_random_query.txt,build,4.141580866666667,2.986060189307802,199999
java,100000,100000,query,/workspace/data/input_n100000_m100000_s42_sorted_query.txt,batch_ops,93.50968073333334,2.256757939265433,17920512
java,100000,100000,query,/workspace/data/input_n100000_m100000_s42_sorted_query.txt,build,3.5098990999999997,2.609098708333541,199999
java,100000,100000,update,/workspace/data/input_n100000_m100000_s42_all_equal_update.txt,batch_ops,71.61626013333333,1.0573272576992692,3868604
java,100000,100000,update,/workspace/data/input_n100000_m100000_s42_all_equal_update.txt,build,3.312455866666667,2.8524361602277346,199999
java,100000,100000,update,/workspace/data/input_n100000_m100000_s42_duplicates_update.txt,batch_ops,57.48190493333333,1.0333234050895799,3868604
java,100000,100000,update,/workspace/data/input_n100000_m100000_s42_duplicates_update.txt,build,3.3293437000000004,2.8913837076935556,199999
java,100000,100000,update,/workspace/data/input_n100000_m100000_s42_nearly_sorted_update.txt,batch_ops,71.98546266666668,1.3053091949999684,3868604
java,100000,100000,update,/workspace/data/input_n100000_m100000_s42_nearly_sorted_update.txt,build,3.3231313666666664,2.2396676815507233,199999
java,100000,100000,update,/workspace/data/input_n100000_m100000_s42_random_update.txt,batch_ops,62.10746296666666,3.141011366167069,3868604
java,100000,100000,update,/workspace/data/input_n100000_m100000_s42_random_update.txt,build,3.4278497666666667,2.98814851681123,199999
java,100000,100000,update,/workspace/data/input_n100000_m100000_s42_sorted_update.txt,batch_ops,71.04316596666666,1.189102424838699,3868604
java,100000,100000,update,/workspace/data/input_n100000_m100000_s42_sorted_update.txt,build,3.111330533333333,2.3031515674509513,199999
java,100000,500000,mixed,/workspace/data/input_n100000_m500000_s42_all_equal_mixed_5050.txt,batch_ops,470.4812346333334,5.372845181624406,54485400
java,100000,500000,mixed,/workspace/data/input_n100000_m500000_s42_all_equal_mixed_5050.txt,build,2.4438679333333337,1.2054602325259194,199999
java,100000,500000,mixed,/workspace/data/input_n100000_m500000_s42_duplicates_mixed_5050.txt,batch_ops,432.84028766666665,4.193327057377444,54485400
java,100000,500000,mixed,/workspace/data/input_n100000_m500000_s42_duplicates_mixed_5050.txt,build,2.429899933333333,1.1339553031093978,199999
java,100000,500000,mixed,/workspace/data/input_n100000_m500000_s42_nearly_sorted_mixed_5050.txt,batch_ops,434.7488064666667,4.3589457969198735,54485400
java,100000,500000,mixed,/workspace/data/input_n100000_m500000_s42_nearly_sorted_mixed_5050.txt,build,2.6577641,1.0992509906545722,199999
java,100000,500000,mixed,/workspace/data/input_n100000_m500000_s42_random_mixed_5050.txt,batch_ops,441.93923263333335,3.7132451367849986,54485400
java,100000,500000,mixed,/workspace/data/input_n100000_m500000_s42_random_mixed_5050.txt,build,2.4462169,1.0748182602455794,199999
java,100000,500000,mixed,/workspace/data/input_n100000_m500000_s42_sorted_mixed_5050.txt,batch_ops,465.34925699999997,4.842500388927993,54485400
java,100000,500000,mixed,/workspace/data/input_n100000_m500000_s42_sorted_mixed_5050.txt,build,2.463524233333333,1.2751983640946083,199999
java,100000,500000,query,/workspace/data/input_n100000_m500000_s42_all_equal_query.txt,batch_ops,466.84808093333334,8.007409946767046,89624244
java,100000,500000,query,/workspace/data/input_n100000_m500000_s42_all_equal_query.txt,build,3.2324158,2.6483362259460494,199999
java,100000,500000,query,/workspace/data/input_n100000_m500000_s42_duplicates_query.txt,batch_ops,462.5636580666667,6.267227670468279,89624244
java,100000,500000,query,/workspace/data/input_n100000_m500000_s42_duplicates_query.txt,build,3.2208449000000003,2.497201384718382,199999
java,100000,500000,query,/workspace/data/input_n100000_m500000_s42_nearly_sorted_query.txt,batch_ops,493.5507755666667,4.364322382925919,89624244
java,100000,500000,query,/workspace/data/input_n100000_m500000_s42_nearly_sorted_query.txt,build,3.5436459666666664,2.917130695484857,199999
java,100000,500000,query,/workspace/data/input_n100000_m500000_s42_random_query.txt,batch_ops,517.4013294666667,38.78882915436567,89624244
java,100000,500000,query,/workspace/data/input_n100000_m500000_s42_random_query.txt,build,3.3544962666666667,2.910457103231901,199999
java,100000,500000,query,/workspace/data/input_n100000_m500000_s42_sorted_query.txt,batch_ops,458.9290929666667,5.7221794209424965,89624244
java,100000,500000,query,/workspace/data/input_n100000_m500000_s42_sorted_query.txt,build,3.1995367333333333,2.4131522301280244,199999
java,100000,500000,update,/workspace/data/input_n100000_m500000_s42_all_equal_update.txt,batch_ops,358.8267039,2.260910754566931,19348754
java,100000,500000,update,/workspace/data/input_n100000_m500000_s42_all_equal_update.txt,build,2.3530383666666665,0.9838478444822545,199999
java,100000,500000,update,/workspace/data/input_n100000_m500000_s42_duplicates_update.txt,batch_ops,285.25711466666667,2.988111299512326,19348754
java,100000,500000,update,/workspace/data/input_n100000_m500000_s42_duplicates_update.txt,build,2.4588325333333336,1.2774149232920187,199999
java,100000,500000,update,/workspace/data/input_n100000_m500000_s42_nearly_sorted_update.txt,batch_ops,289.20391646666667,2.2330439986886055,19348754
java,100000,500000,update,/workspace/data/input_n100000_m500000_s42_nearly_sorted_update.txt,build,2.648972866666667,1.1081664899246157,199999
java,100000,500000,update,/workspace/data/input_n100000_m500000_s42_random_update.txt,batch_ops,285.4620642,2.6173420375328247,19348754
java,100000,500000,update,/workspace/data/input_n100000_m500000_s42_random_update.txt,build,2.3273496,0.9701443398251978,199999
java,100000,500000,update,/workspace/data/input_n100000_m500000_s42_sorted_update.txt,batch_ops,355.00823026666666,2.5005805758659383,19348754
java,100000,500000,update,/workspace/data/input_n100000_m500000_s42_sorted_update.txt,build,2.3729470333333333,1.1017000901983258,199999
python,100,100,mixed,/workspace/data/input_n100_m100_s42_all_equal_mixed_5050.txt,batch_ops,1.0022873666666667,0.06145824317791792,3724
python,100,100,mixed,/workspace/data/input_n100_m100_s42_all_equal_mixed_5050.txt,build,0.06445733333333332,0.005184957828002167,199
python,100,100,mixed,/workspace/data/input_n100_m100_s42_duplicates_mixed_5050.txt,batch_ops,1.0493213,0.06134980800697838,3724
python,100,100,mixed,/workspace/data/input_n100_m100_s42_duplicates_mixed_5050.txt,build,0.06483789999999999,0.005805970294328133,199
python,100,100,mixed,/workspace/data/input_n100_m100_s42_nearly_sorted_mixed_5050.txt,batch_ops,1.0481238,0.05859314267480756,3724
python,100,100,mixed,/workspace/data/input_n100_m100_s42_nearly_sorted_mixed_5050.txt,build,0.06402003333333334,0.004333392312021272,199
python,100,100,mixed,/workspace/data/input_n100_m100_s42_random_mixed_5050.txt,batch_ops,1.0188939666666665,0.05805572173143204,3724
python,100,100,mixed,/workspace/data/input_n100_m100_s42_random_mixed_5050.txt,build,0.06491053333333334,0.007344823322366687,199
python,100,100,mixed,/workspace/data/input_n100_m100_s42_sorted_mixed_5050.txt,batch_ops,1.0429412,0.10872102495342899,3724
python,100,100,mixed,/workspace/data/input_n100_m100_s42_sorted_mixed_5050.txt,build,0.0654208,0.007126955680300356,199
python,100,100,query,/workspace/data/input_n100_m100_s42_all_equal_query.txt,batch_ops,1.0533054333333334,0.05664551465560944,5706
python,100,100,query,/workspace/data/input_n100_m100_s42_all_equal_query.txt,build,0.059874199999999995,0.0049238260662857,199
python,100,100,query,/workspace/data/input_n100_m100_s42_duplicates_query.txt,batch_ops,1.0558933,0.056948478246236514,5706
python,100,100,query,/workspace/data/input_n100_m100_s42_duplicates_query.txt,build,0.059119066666666664,0.0082121541797061,199
python,100,100,query,/workspace/data/input_n100_m100_s42_nearly_sorted_query.txt,batch_ops,1.0873125,0.09971793034899094,5706
python,100,100,query,/workspace/data/input_n100_m100_s42_nearly_sorted_query.txt,build,0.06120186666666667,0.007139015404600721,199
python,100,100,query,/workspace/data/input_n100_m100_s42_random_query.txt,batch_ops,1.0869819,0.07487676380023749,5706
python,100,100,query,/workspace/data/input_n100_m100_s42_random_query.txt,build,0.06067823333333333,0.007334657976574867,199
python,100,100,query,/workspace/data/input_n100_m100_s42_sorted_query.txt,batch_ops,1.0652805666666667,0.04333868214240286,5706
python,100,100,query,/workspace/data/input_n100_m100_s42_sorted_query.txt,build,0.05863703333333333,0.003650830462759961,199
python,100,100,update,/workspace/data/input_n100_m100_s42_all_equal_update.txt,batch_ops,0.7330144666666667,0.028654536535260424,1393
python,100,100,update,/workspace/data/input_n100_m100_s42_all_equal_update.txt,build,0.06370146666666666,0.003962717586614566,199
python,100,100,update,/workspace/data/input_n100_m100_s42_duplicates_update.txt,batch_ops,0.7341228999999999,0.04750332820742939,1393
python,100,100,update,/workspace/data/input_n100_m100_s42_duplicates_update.txt,build,0.06288153333333334,0.010624716504885917,199
python,100,100,update,/workspace/data/input_n100_m100_s42_nearly_sorted_update.txt,batch_ops,0.7606558999999999,0.05421101421765597,1393
python,100,100,update,/workspace/data/input_n100_m100_s42_nearly_sorted_update.txt,build,0.06486576666666667,0.005192690683054889,199
python,100,100,update,/workspace/data/input_n100_m100_s42_random_update.txt,batch_ops,0.7422119333333334,0.040863954024031486,1393
python,100,100,update,/workspace/data/input_n100_m100_s42_random_update.txt,build,0.06328273333333333,0.005153927132968997,199
python,100,100,update,/workspace/data/input_n100_m100_s42_sorted_update.txt,batch_ops,0.7721752666666667,0.04461365340490881,1393
python,100,100,update,/workspace/data/input_n100_m100_s42_sorted_update.txt,build,0.0662031,0.00808086312968421,199
python,100,500,mixed,/workspace/data/input_n100_m500_s42_all_equal_mixed_5050.txt,batch_ops,5.1677171,0.16547869746000093,18852
python,100,500,mixed,/workspace/data/input_n100_m500_s42_all_equal_mixed_5050.txt,build,0.06429276666666667,0.003856469992849303,199
python,100,500,mixed,/workspace/data/input_n100_m500_s42_duplicates_mixed_5050.txt,batch_ops,5.107155733333333,0.1431976723840242,18852
python,100,500,mixed,/workspace/data/input_n100_m500_s42_duplicates_mixed_5050.txt,build,0.06530593333333333,0.005283404864376717,199
python,100,500,mixed,/workspace/data/input_n100_m500_s42_nearly_sorted_mixed_5050.txt,batch_ops,5.2100737,0.28480280188799384,18852
python,100,500,mixed,/workspace/data/input_n100_m500_s42_nearly_sorted_mixed_5050.txt,build,0.06931036666666666,0.01269614548480224,199
python,100,500,mixed,/workspace/data/input_n100_m500_s42_random_mixed_5050.txt,batch_ops,5.186492166666667,0.13624331164376816,18852
python,100,500,mixed,/workspace/data/input_n100_m500_s42_random_mixed_5050.txt,build,0.0648191,0.003612244324325343,199
python,100,500,mixed,/workspace/data/input_n100_m500_s42_sorted_mixed_5050.txt,batch_ops,5.218684166666667,0.1922221615934566,18852
python,100,500,mixed,/workspace/data/input_n100_m500_s42_sorted_mixed_5050.txt,build,0.06930053333333334,0.0058294376894099005,199
python,100,500,query,/workspace/data/input_n100_m500_s42_all_equal_query.txt,batch_ops,5.396863433333333,0.15400924767569435,29664
python,100,500,query,/workspace/data/input_n100_m500_s42_all_equal_query.txt,build,0.0623008,0.00579961768299993,199
python,100,500,query,/workspace/data/input_n100_m500_s42_duplicates_query.txt,batch_ops,5.453124133333334,0.18925904148141612,29664
python,100,500,query,/workspace/data/input_n100_m500_s42_duplicates_query.txt,build,0.0600986,0.004942424552299444,199
python,100,500,query,/workspace/data/input_n100_m500_s42_nearly_sorted_query.txt,batch_ops,5.399859500000001,0.17577714799628222,29664
python,100,500,query,/workspace/data/input_n100_m500_s42_nearly_sorted_query.txt,build,0.061590566666666666,0.005516579222941376,199
python,100,500,query,/workspace/data/input_n100_m500_s42_random_query.txt,batch_ops,5.367497166666666,0.17538676766292005,29664
python,100,500,query,/workspace/data/input_n100_m500_s42_random_query.txt,build,0.0616114,0.006027320595307726,199
python,100,500,query,/workspace/data/input_n100_m500_s42_sorted_query.txt,batch_ops,5.405781566666667,0.19887466035007437,29664
python,100,500,query,/workspace/data/input_n100_m500_s42_sorted_query.txt,build,0.06025486666666667,0.00665719403835939,199
python,100,500,update,/workspace/data/input_n100_m500_s42_all_equal_update.txt,batch_ops,3.8671987666666667,0.2849775421408989,6872
python,100,500,update,/workspace/data/input_n100_m500_s42_all_equal_update.txt,build,0.06672946666666667,0.006475015099081492,199
python,100,500,update,/workspace/data/input_n100_m500_s42_duplicates_update.txt,batch_ops,3.8133359,0.17632177958872375,6872
python,100,500,update,/workspace/data/input_n100_m500_s42_duplicates_update.txt,build,0.0682333,0.008097595024620494,199
python,100,500,update,/workspace/data/input_n100_m500_s42_nearly_sorted_update.txt,batch_ops,3.6332895333333335,0.1414411079170734,6872
python,100,500,update,/workspace/data/input_n100_m500_s42_nearly_sorted_update.txt,build,0.06343633333333333,0.005637895042101008,199
python,100,500,update,/workspace/data/input_n100_m500_s42_random_update.txt,batch_ops,3.8077058666666668,0.1876397157402585,6872
python,100,500,update,/workspace/data/input_n100_m500_s42_random_update.txt,build,0.06605723333333333,0.006559441422199329,199
python,100,500,update,/workspace/data/input_n100_m500_s42_sorted_update.txt,batch_ops,3.7418310666666668,0.17634892059912965,6872
python,100,500,update,/workspace/data/input_n100_m500_s42_sorted_update.txt,build,0.06425913333333334,0.005289752740022421,199
python,1000,1000,mixed,/workspace/data/input_n1000_m1000_s42_all_equal_mixed_5050.txt,batch_ops,24.060292666666665,0.7968608109903688,61121
python,1000,1000,mixed,/workspace/data/input_n1000_m1000_s42_all_equal_mixed_5050.txt,build,0.7830248666666667,0.05353417723011861,1999
python,1000,1000,mixed,/workspace/data/input_n1000_m1000_s42_duplicates_mixed_5050.txt,batch_ops,25.89840996666667,2.2756548141364323,61121
python,1000,1000,mixed,/workspace/data/input_n1000_m1000_s42_duplicates_mixed_5050.txt,build,0.8223448,0.08442783600799621,1999
python,1000,1000,mixed,/workspace/data/input_n1000_m1000_s42_nearly_sorted_mixed_5050.txt,batch_ops,24.454125633333334,0.8389430356139024,61121
python,1000,1000,mixed,/workspace/data/input_n1000_m1000_s42_nearly_sorted_mixed_5050.txt,build,0.7749761666666667,0.04493432078511415,1999
python,1000,1000,mixed,/workspace/data/input_n1000_m1000_s42_random_mixed_5050.txt,batch_ops,23.649873666666668,0.7574050530178157,61121
python,1000,1000,mixed,/workspace/data/input_n1000_m1000_s42_random_mixed_5050.txt,build,0.7563888333333334,0.0483994557999352,1999
python,1000,1000,mixed,/workspace/data/input_n1000_m1000_s42_sorted_mixed_5050.txt,batch_ops,22.9631735,0.40667210525220415,61121
python,1000,1000,mixed,/workspace/data/input_n1000_m1000_s42_sorted_mixed_5050.txt,build,0.7342249666666666,0.023127160259930453,1999
python,1000,1000,query,/workspace/data/input_n1000_m1000_s42_all_equal_query.txt,batch_ops,19.690239766666664,0.6000893375643258,98004
python,1000,1000,query,/workspace/data/input_n1000_m1000_s42_all_equal_query.txt,build,0.6634075333333332,0.034442293125962316,1999
python,1000,1000,query,/workspace/data/input_n1000_m1000_s42_duplicates_query.txt,batch_ops,20.3561238,0.7531147578762898,98004
python,1000,1000,query,/workspace/data/input_n1000_m1000_s42_duplicates_query.txt,build,0.7121839666666666,0.025903769551917536,1999
python,1000,1000,query,/workspace/data/input_n1000_m1000_s42_nearly_sorted_query.txt,batch_ops,19.748711800000002,0.3785189130782765,98004
python,1000,1000,query,/workspace/data/input_n1000_m1000_s42_nearly_sorted_query.txt,build,0.6825969666666667,0.0199201621228054,1999
python,1000,1000,query,/workspace/data/input_n1000_m1000_s42_random_query.txt,batch_ops,19.150279766666664,0.9107455164963013,98004
python,1000,1000,query,/workspace/data/input_n1000_m1000_s42_random_query.txt,build,0.6866621333333334,0.06728513880787794,1999
python,1000,1000,query,/workspace/data/input_n1000_m1000_s42_sorted_query.txt,batch_ops,19.676143833333334,0.1893579011083077,98004
python,1000,1000,query,/workspace/data/input_n1000_m1000_s42_sorted_query.txt,build,0.6943157333333333,0.018927451958744332,1999
python,1000,1000,update,/workspace/data/input_n1000_m1000_s42_all_equal_update.txt,batch_ops,17.838765033333335,0.6387054726718716,21846
python,1000,1000,update,/workspace/data/input_n1000_m1000_s42_all_equal_update.txt,build,0.7995509666666667,0.043036752868700616,1999
python,1000,1000,update,/workspace/data/input_n1000_m1000_s42_duplicates_update.txt,batch_ops,18.130018466666666,0.8843046837968717,21846
python,1000,1000,update,/workspace/data/input_n1000_m1000_s42_duplicates_update.txt,build,0.8046851666666667,0.055852198039717436,1999
python,1000,1000,update,/workspace/data/input_n1000_m1000_s42_nearly_sorted_update.txt,batch_ops,16.7307955,0.29386719460266075,21846
python,1000,1000,update,/workspace/data/input_n1000_m1000_s42_nearly_sorted_update.txt,build,0.7375997000000001,0.03709285282782785,1999
python,1000,1000,update,/workspace/data/input_n1000_m1000_s42_random_update.txt,batch_ops,15.9733332,0.47472712010465107,21846
python,1000,1000,update,/workspace/data/input_n1000_m1000_s42_random_update.txt,build,0.7159262333333333,0.028500038965107454,1999
python,1000,1000,update,/workspace/data/input_n1000_m1000_s42_sorted_update.txt,batch_ops,16.867925800000002,0.24458985451686105,21846
python,1000,1000,update,/workspace/data/input_n1000_m1000_s42_sorted_update.txt,build,0.7347404,0.024373761722888364,1999
python,1000,5000,mixed,/workspace/data/input_n1000_m5000_s42_all_equal_mixed_5050.txt,batch_ops,133.72342523333333,5.428383480301815,297470
python,1000,5000,mixed,/workspace/data/input_n1000_m5000_s42_all_equal_mixed_5050.txt,build,0.8768736666666667,0.08117984418830068,1999
python,1000,5000,mixed,/workspace/data/input_n1000_m5000_s42_duplicates_mixed_5050.txt,batch_ops,120.94518666666666,4.134731147340675,297470
python,1000,5000,mixed,/workspace/data/input_n1000_m5000_s42_duplicates_mixed_5050.txt,build,0.7968542666666667,0.09018171568787765,1999
python,1000,5000,mixed,/workspace/data/input_n1000_m5000_s42_nearly_sorted_mixed_5050.txt,batch_ops,116.97473186666666,3.017599480369693,297470
python,1000,5000,mixed,/workspace/data/input_n1000_m5000_s42_nearly_sorted_mixed_5050.txt,build,0.7511975,0.057145015191992894,1999
python,1000,5000,mixed,/workspace/data/input_n1000_m5000_s42_random_mixed_5050.txt,batch_ops,124.93400766666667,1.7243311833226005,297470
python,1000,5000,mixed,/workspace/data/input_n1000_m5000_s42_random_mixed_5050.txt,build,0.7880147,0.0347492793288208,1999
python,1000,5000,mixed,/workspace/data/input_n1000_m5000_s42_sorted_mixed_5050.txt,batch_ops,117.90005366666666,1.6728120736493368,297470
python,1000,5000,mixed,/workspace/data/input_n1000_m5000_s42_sorted_mixed_5050.txt,build,0.7468280666666666,0.025021781789601582,1999
python,1000,5000,query,/workspace/data/input_n1000_m5000_s42_all_equal_query.txt,batch_ops,109.1518128,10.048489240225202,494220
python,1000,5000,query,/workspace/data/input_n1000_m5000_s42_all_equal_query.txt,build,0.7190489666666667,0.07007878712907066,1999
python,1000,5000,query,/workspace/data/input_n1000_m5000_s42_duplicates_query.txt,batch_ops,101.1504267,3.215213305968791,494220
python,1000,5000,query,/workspace/data/input_n1000_m5000_s42_duplicates_query.txt,build,0.7270923333333333,0.057804362655624816,1999
python,1000,5000,query,/workspace/data/input_n1000_m5000_s42_nearly_sorted_query.txt,batch_ops,103.83375013333334,7.540427814594094,494220
python,1000,5000,query,/workspace/data/input_n1000_m5000_s42_nearly_sorted_query.txt,build,0.7154810333333333,0.06495843666715079,1999
python,1000,5000,query,/workspace/data/input_n1000_m5000_s42_random_query.txt,batch_ops,94.6724485,1.7876249347993753,494220
python,1000,5000,query,/workspace/data/input_n1000_m5000_s42_random_query.txt,build,0.6704416999999999,0.0350418779217982,1999
python,1000,5000,query,/workspace/data/input_n1000_m5000_s42_sorted_query.txt,batch_ops,99.26129233333333,1.860385252771222,494220
python,1000,5000,query,/workspace/data/input_n1000_m5000_s42_sorted_query.txt,build,0.6813411666666667,0.020072642793000674,1999
python,1000,5000,update,/workspace/data/input_n1000_m5000_s42_all_equal_update.txt,batch_ops,93.97135493333333,1.1476780944541338,108998
python,1000,5000,update,/workspace/data/input_n1000_m5000_s42_all_equal_update.txt,build,0.8360547333333332,0.04815198785092264,1999
python,1000,5000,update,/workspace/data/input_n1000_m5000_s42_duplicates_update.txt,batch_ops,87.25413143333334,2.6805951426846715,108998
python,1000,5000,update,/workspace/data/input_n1000_m5000_s42_duplicates_update.txt,build,0.7954990333333334,0.03819577704540514,1999
python,1000,5000,update,/workspace/data/input_n1000_m5000_s42_nearly_sorted_update.txt,batch_ops,87.95429543333333,2.8988232258043243,108998
python,1000,5000,update,/workspace/data/input_n1000_m5000_s42_nearly_sorted_update.txt,build,0.7717083666666666,0.05724392777041998,1999
python,1000,5000,update,/workspace/data/input_n1000_m5000_s42_random_update.txt,batch_ops,83.58714306666667,2.599602187548706,108998
python,1000,5000,update,/workspace/data/input_n1000_m5000_s42_random_update.txt,build,0.7434641333333333,0.03489592019205929,1999
python,1000,5000,update,/workspace/data/input_n1000_m5000_s42_sorted_update.txt,batch_ops,84.3369503,1.4666594738028411,108998
python,1000,5000,update,/workspace/data/input_n1000_m5000_s42_sorted_update.txt,build,0.7190139333333333,0.022541609780861806,1999
python,10000,10000,mixed,/workspace/data/input_n10000_m10000_s42_all_equal_mixed_5050.txt,batch_ops,408.5070475666667,26.97093057183953,837125
python,10000,10000,mixed,/workspace/data/input_n10000_m10000_s42_all_equal_mixed_5050.txt,build,9.3196268,0.5467179675786562,19999
python,10000,10000,mixed,/workspace/data/input_n10000_m10000_s42_duplicates_mixed_5050.txt,batch_ops,388.1446199,14.51189596487438,837125
python,10000,10000,mixed,/workspace/data/input_n10000_m10000_s42_duplicates_mixed_5050.txt,build,8.493106066666666,0.32649198563231746,19999
python,10000,10000,mixed,/workspace/data/input_n10000_m10000_s42_nearly_sorted_mixed_5050.txt,batch_ops,410.3996482,28.612716920915556,837125
python,10000,10000,mixed,/workspace/data/input_n10000_m10000_s42_nearly_sorted_mixed_5050.txt,build,8.671661366666665,0.6734601948463742,19999
python,10000,10000,mixed,/workspace/data/input_n10000_m10000_s42_random_mixed_5050.txt,batch_ops,380.9449438666667,5.420028822192814,837125
python,10000,10000,mixed,/workspace/data/input_n10000_m10000_s42_random_mixed_5050.txt,build,8.367005233333334,0.274945542188428,19999
python,10000,10000,mixed,/workspace/data/input_n10000_m10000_s42_sorted_mixed_5050.txt,batch_ops,384.18160283333333,6.3895626505251295,837125
python,10000,10000,mixed,/workspace/data/input_n10000_m10000_s42_sorted_mixed_5050.txt,build,8.154163366666667,0.26967446933095046,19999
python,10000,10000,query,/workspace/data/input_n10000_m10000_s42_all_equal_query.txt,batch_ops,351.06668776666663,57.53077833942005,1394772
python,10000,10000,query,/workspace/data/input_n10000_m10000_s42_all_equal_query.txt,build,8.2653947,1.4611587168086642,19999
python,10000,10000,query,/workspace/data/input_n10000_m10000_s42_duplicates_query.txt,batch_ops,294.65571536666664,6.160699308048304,1394772
python,10000,10000,query,/workspace/data/input_n10000_m10000_s42_duplicates_query.txt,build,7.403412266666667,0.32840134987814623,19999
python,10000,10000,query,/workspace/data/input_n10000_m10000_s42_nearly_sorted_query.txt,batch_ops,301.91772223333334,12.594083373841478,1394772
python,10000,10000,query,/workspace/data/input_n10000_m10000_s42_nearly_sorted_query.txt,build,7.3329588333333335,0.32774870613322904,19999
python,10000,10000,query,/workspace/data/input_n10000_m10000_s42_random_query.txt,batch_ops,347.70540793333333,24.77673560951348,1394772
python,10000,10000,query,/workspace/data/input_n10000_m10000_s42_random_query.txt,build,8.349469566666667,0.5615546929568304,19999
python,10000,10000,query,/workspace/data/input_n10000_m10000_s42_sorted_query.txt,batch_ops,291.95573886666665,6.960214055525475,1394772
python,10000,10000,query,/workspace/data/input_n10000_m10000_s42_sorted_query.txt,build,7.1092534,0.2310718644008753,19999
python,10000,10000,update,/workspace/data/input_n10000_m10000_s42_all_equal_update.txt,batch_ops,311.49515223333333,25.225808060893243,303448
python,10000,10000,update,/workspace/data/input_n10000_m10000_s42_all_equal_update.txt,build,9.223174266666666,0.6821242725617722,19999
python,10000,10000,update,/workspace/data/input_n10000_m10000_s42_duplicates_update.txt,batch_ops,284.77396276666667,12.924934760671254,303448
python,10000,10000,update,/workspace/data/input_n10000_m10000_s42_duplicates_update.txt,build,8.261828933333334,0.33016659424463135,19999
python,10000,10000,update,/workspace/data/input_n10000_m10000_s42_nearly_sorted_update.txt,batch_ops,289.9305818666666,10.203374823506298,303448
python,10000,10000,update,/workspace/data/input_n10000_m10000_s42_nearly_sorted_update.txt,build,8.151767466666666,0.3727085235586812,19999
python,10000,10000,update,/workspace/data/input_n10000_m10000_s42_random_update.txt,batch_ops,373.92313310000003,62.11656585034422,303448
python,10000,10000,update,/workspace/data/input_n10000_m10000_s42_random_update.txt,build,10.582919633333335,1.786478716387621,19999
python,10000,10000,update,/workspace/data/input_n10000_m10000_s42_sorted_update.txt,batch_ops,293.89813456666667,12.649758515579059,303448
python,10000,10000,update,/workspace/data/input_n10000_m10000_s42_sorted_update.txt,build,8.167571433333332,0.4750497672459814,19999
python,10000,50000,mixed,/workspace/data/input_n10000_m50000_s42_all_equal_mixed_5050.txt,batch_ops,2164.9450246666665,279.7541165718063,4249685
python,10000,50000,mixed,/workspace/data/input_n10000_m50000_s42_all_equal_mixed_5050.txt,build,9.758002266666667,1.0894622192377656,19999
python,10000,50000,mixed,/workspace/data/input_n10000_m50000_s42_duplicates_mixed_5050.txt,batch_ops,2457.4657235,180.29200445702077,4249685
python,10000,50000,mixed,/workspace/data/input_n10000_m50000_s42_duplicates_mixed_5050.txt,build,10.3350762,0.979291531423554,19999
python,10000,50000,mixed,/workspace/data/input_n10000_m50000_s42_nearly_sorted_mixed_5050.txt,batch_ops,1941.8645572,34.15950057005016,4249685
python,10000,50000,mixed,/workspace/data/input_n10000_m50000_s42_nearly_sorted_mixed_5050.txt,build,8.469347766666667,0.6479281835866605,19999
python,10000,50000,mixed,/workspace/data/input_n10000_m50000_s42_random_mixed_5050.txt,batch_ops,1943.2631939333332,26.953059233850244,4249685
python,10000,50000,mixed,/workspace/data/input_n10000_m50000_s42_random_mixed_5050.txt,build,8.596187766666667,0.4583695109056766,19999
python,10000,50000,mixed,/workspace/data/input_n10000_m50000_s42_sorted_mixed_5050.txt,batch_ops,1901.3455263666665,43.728249502017356,4249685
python,10000,50000,mixed,/workspace/data/input_n10000_m50000_s42_sorted_mixed_5050.txt,build,8.119375733333333,0.3311223897754667,19999
python,10000,50000,query,/workspace/data/input_n10000_m50000_s42_all_equal_query.txt,batch_ops,1648.8281480666667,277.02382784458086,6971448
python,10000,50000,query,/workspace/data/input_n10000_m50000_s42_all_equal_query.txt,build,8.038362566666667,1.5100881147306389,19999
python,10000,50000,query,/workspace/data/input_n10000_m50000_s42_duplicates_query.txt,batch_ops,1557.8105800333333,146.15643023347172,6971448
python,10000,50000,query,/workspace/data/input_n10000_m50000_s42_duplicates_query.txt,build,7.626291166666666,0.8534002631617578,19999
python,10000,50000,query,/workspace/data/input_n10000_m50000_s42_nearly_sorted_query.txt,batch_ops,1477.8661861,28.47989174817243,6971448
python,10000,50000,query,/workspace/data/input_n10000_m50000_s42_nearly_sorted_query.txt,build,7.0369679666666665,0.36601266567744495,19999
python,10000,50000,query,/workspace/data/input_n10000_m50000_s42_random_query.txt,batch_ops,1532.8887036333333,82.26287662701057,6971448
python,10000,50000,query,/workspace/data/input_n10000_m50000_s42_random_query.txt,build,7.688903033333333,0.6314000407306941,19999
python,10000,50000,query,/workspace/data/input_n10000_m50000_s42_sorted_query.txt,batch_ops,1450.7823700333333,27.500845479155952,6971448
python,10000,50000,query,/workspace/data/input_n10000_m50000_s42_sorted_query.txt,build,6.953722366666667,0.3290679847530183,19999
python,10000,50000,update,/workspace/data/input_n10000_m50000_s42_all_equal_update.txt,batch_ops,1403.8567437333334,49.96652934053251,1516356
python,10000,50000,update,/workspace/data/input_n10000_m50000_s42_all_equal_update.txt,build,8.8189743,0.5426605736681744,19999
python,10000,50000,update,/workspace/data/input_n10000_m50000_s42_duplicates_update.txt,batch_ops,1689.5124581999999,231.87460137246703,1516356
python,10000,50000,update,/workspace/data/input_n10000_m50000_s42_duplicates_update.txt,build,9.7955099,1.1869390678677594,19999
python,10000,50000,update,/workspace/data/input_n10000_m50000_s42_nearly_sorted_update.txt,batch_ops,1452.5286724666666,17.46458053604472,1516356
python,10000,50000,update,/workspace/data/input_n10000_m50000_s42_nearly_sorted_update.txt,build,8.233336033333334,0.42568501411088555,19999
python,10000,50000,update,/workspace/data/input_n10000_m50000_s42_random_update.txt,batch_ops,1440.3486993666666,70.98931917770788,1516356
python,10000,50000,update,/workspace/data/input_n10000_m50000_s42_random_update.txt,build,8.493008999999999,0.432295085791862,19999
python,10000,50000,update,/workspace/data/input_n10000_m50000_s42_sorted_update.txt,batch_ops,1445.4543228,28.897531985253266,1516356
python,10000,50000,update,/workspace/data/input_n10000_m50000_s42_sorted_update.txt,build,8.125623,0.34488880040194064,19999
python,100000,100000,mixed,/workspace/data/input_n100000_m100000_s42_all_equal_mixed_5050.txt,batch_ops,4915.912874233333,14.836991777154662,10866247
python,100000,100000,mixed,/workspace/data/input_n100000_m100000_s42_all_equal_mixed_5050.txt,build,88.9676705,1.242892296719358,199999
python,100000,100000,mixed,/workspace/data/input_n100000_m100000_s42_duplicates_mixed_5050.txt,batch_ops,4971.482525766667,10.367282594817665,10866247
python,100000,100000,mixed,/workspace/data/input_n100000_m100000_s42_duplicates_mixed_5050.txt,build,84.55238093333334,1.1843072185599346,199999
python,100000,100000,mixed,/workspace/data/input_n100000_m100000_s42_nearly_sorted_mixed_5050.txt,batch_ops,4971.747415899999,9.872389312636308,10866247
python,100000,100000,mixed,/workspace/data/input_n100000_m100000_s42_nearly_sorted_mixed_5050.txt,build,82.52519456666667,1.3385802418364317,199999
python,100000,100000,mixed,/workspace/data/input_n100000_m100000_s42_random_mixed_5050.txt,batch_ops,5729.619151266666,246.92941742573413,10866247
python,100000,100000,mixed,/workspace/data/input_n100000_m100000_s42_random_mixed_5050.txt,build,91.77673786666666,4.696608412819042,199999
python,100000,100000,mixed,/workspace/data/input_n100000_m100000_s42_sorted_mixed_5050.txt,batch_ops,4962.1894343,27.433531451546965,10866247
python,100000,100000,mixed,/workspace/data/input_n100000_m100000_s42_sorted_mixed_5050.txt,build,81.83813230000001,1.1903142694240438,199999
python,100000,100000,query,/workspace/data/input_n100000_m100000_s42_all_equal_query.txt,batch_ops,3309.0154172,9.771976284119368,17920512
python,100000,100000,query,/workspace/data/input_n100000_m100000_s42_all_equal_query.txt,build,63.3947134,1.3978980811667057,199999
python,100000,100000,query,/workspace/data/input_n100000_m100000_s42_duplicates_query.txt,batch_ops,3775.2098031,159.67397650204683,17920512
python,100000,100000,query,/workspace/data/input_n100000_m100000_s42_duplicates_query.txt,build,66.16075396666666,1.2737419601327638,199999
python,100000,100000,query,/workspace/data/input_n100000_m100000_s42_nearly_sorted_query.txt,batch_ops,3818.3390637666666,135.97610415011647,17920512
python,100000,100000,query,/workspace/data/input_n100000_m100000_s42_nearly_sorted_query.txt,build,65.1694764,1.6174863504881536,199999
python,100000,100000,query,/workspace/data/input_n100000_m100000_s42_random_query.txt,batch_ops,4232.784029866667,195.75613485665681,17920512
python,100000,100000,query,/workspace/data/input_n100000_m100000_s42_random_query.txt,build,75.54714833333334,6.916080475476297,199999
python,100000,100000,query,/workspace/data/input_n100000_m100000_s42_sorted_query.txt,batch_ops,3774.906603566667,147.44701091436943,17920512
python,100000,100000,query,/workspace/data/input_n100000_m100000_s42_sorted_query.txt,build,63.90739503333334,1.8594524239267336,199999
python,100000,100000,update,/workspace/data/input_n100000_m100000_s42_all_equal_update.txt,batch_ops,3574.123987233333,11.203453355573934,3868604
python,100000,100000,update,/workspace/data/input_n100000_m100000_s42_all_equal_update.txt,build,85.42695156666667,1.3028379942601083,199999
python,100000,100000,update,/workspace/data/input_n100000_m100000_s42_duplicates_update.txt,batch_ops,3548.2204483,32.29710354412313,3868604
python,100000,100000,update,/workspace/data/input_n100000_m100000_s42_duplicates_update.txt,build,82.1070567,1.02955028873056,199999
python,100000,100000,update,/workspace/data/input_n100000_m100000_s42_nearly_sorted_update.txt,batch_ops,3769.415060166667,12.303260402292565,3868604
python,100000,100000,update,/workspace/data/input_n100000_m100000_s42_nearly_sorted_update.txt,build,80.69253923333333,1.3091796788028711,199999
python,100000,100000,update,/workspace/data/input_n100000_m100000_s42_random_update.txt,batch_ops,4501.3112239,239.9778287146708,3868604
python,100000,100000,update,/workspace/data/input_n100000_m100000_s42_random_update.txt,build,92.6094118,5.582006211505475,199999
python,100000,100000,update,/workspace/data/input_n100000_m100000_s42_sorted_update.txt,batch_ops,3744.026026233333,12.369156764570137,3868604
python,100000,100000,update,/workspace/data/input_n100000_m100000_s42_sorted_update.txt,build,80.65608626666668,1.1995068006055765,199999
python,100000,500000,mixed,/workspace/data/input_n100000_m500000_s42_all_equal_mixed_5050.txt,batch_ops,24595.1881026,34.510467930612855,54485400
python,100000,500000,mixed,/workspace/data/input_n100000_m500000_s42_all_equal_mixed_5050.txt,build,89.86824426666666,1.088946352038455,199999
python,100000,500000,mixed,/workspace/data/input_n100000_m500000_s42_duplicates_mixed_5050.txt,batch_ops,24199.032718333336,16.293233777478044,54485400
python,100000,500000,mixed,/workspace/data/input_n100000_m500000_s42_duplicates_mixed_5050.txt,build,85.33682013333333,1.0670184564931464,199999
python,100000,500000,mixed,/workspace/data/input_n100000_m500000_s42_nearly_sorted_mixed_5050.txt,batch_ops,24576.563045000003,43.46227878232571,54485400
python,100000,500000,mixed,/workspace/data/input_n100000_m500000_s42_nearly_sorted_mixed_5050.txt,build,82.72116263333334,1.226069784782549,199999
python,100000,500000,mixed,/workspace/data/input_n100000_m500000_s42_random_mixed_5050.txt,batch_ops,23839.145113,151.8148087745902,54485400
python,100000,500000,mixed,/workspace/data/input_n100000_m500000_s42_random_mixed_5050.txt,build,83.77129656666666,1.0506645072639431,199999
python,100000,500000,mixed,/workspace/data/input_n100000_m500000_s42_sorted_mixed_5050.txt,batch_ops,25712.954769566666,291.18728425579513,54485400
python,100000,500000,mixed,/workspace/data/input_n100000_m500000_s42_sorted_mixed_5050.txt,build,83.77913953333334,1.2912840571677633,199999
python,100000,500000,query,/workspace/data/input_n100000_m500000_s42_all_equal_query.txt,batch_ops,16202.380990633334,44.995948976093075,89624244
python,100000,500000,query,/workspace/data/input_n100000_m500000_s42_all_equal_query.txt,build,61.21635203333334,1.1751108664326526,199999
python,100000,500000,query,/workspace/data/input_n100000_m500000_s42_duplicates_query.txt,batch_ops,18668.7850272,799.8615376767976,89624244
python,100000,500000,query,/workspace/data/input_n100000_m500000_s42_duplicates_query.txt,build,66.15122193333333,1.2678545122357479,199999
python,100000,500000,query,/workspace/data/input_n100000_m500000_s42_nearly_sorted_query.txt,batch_ops,18510.480537066665,848.8434113279749,89624244
python,100000,500000,query,/workspace/data/input_n100000_m500000_s42_nearly_sorted_query.txt,build,64.46311616666667,2.0683864714546187,199999
python,100000,500000,query,/workspace/data/input_n100000_m500000_s42_random_query.txt,batch_ops,18486.36398966667,906.8999883085137,89624244
python,100000,500000,query,/workspace/data/input_n100000_m500000_s42_random_query.txt,build,69.23120493333334,4.7537745221695,199999
python,100000,500000,query,/workspace/data/input_n100000_m500000_s42_sorted_query.txt,batch_ops,19083.943891033334,992.4557664288972,89624244
python,100000,500000,query,/workspace/data/input_n100000_m500000_s42_sorted_query.txt,build,65.3936648,2.8249909315420445,199999
python,100000,500000,update,/workspace/data/input_n100000_m500000_s42_all_equal_update.txt,batch_ops,18622.596208699997,14.772326994992921,19348754
python,100000,500000,update,/workspace/data/input_n100000_m500000_s42_all_equal_update.txt,build,88.38574083333333,1.114970805080719,199999
python,100000,500000,update,/workspace/data/input_n100000_m500000_s42_duplicates_update.txt,batch_ops,18131.313339933335,44.942144162441444,19348754
python,100000,500000,update,/workspace/data/input_n100000_m500000_s42_duplicates_update.txt,build,82.44757376666666,1.239982665366951,199999
python,100000,500000,update,/workspace/data/input_n100000_m500000_s42_nearly_sorted_update.txt,batch_ops,19128.054039333332,52.20901381041277,19348754
python,100000,500000,update,/workspace/data/input_n100000_m500000_s42_nearly_sorted_update.txt,build,82.1237829,1.3891961006446725,199999
python,100000,500000,update,/workspace/data/input_n100000_m500000_s42_random_update.txt,batch_ops,19008.255602833335,369.5690022225546,19348754
python,100000,500000,update,/workspace/data/input_n100000_m500000_s42_random_update.txt,build,85.53849366666667,3.7652605383856543,199999
python,100000,500000,update,/workspace/data/input_n100000_m500000_s42_sorted_update.txt,batch_ops,18389.951048466668,27.145056447157245,19348754
python,100000,500000,update,/workspace/data/input_n100000_m500000_s42_sorted_update.txt,build,81.5428486,1.2180473289023628,199999
rust,100,100,mixed,/workspace/data/input_n100_m100_s42_all_equal_mixed_5050.txt,batch_ops,0.017149366666666666,0.002272868375868475,3724
rust,100,100,mixed,/workspace/data/input_n100_m100_s42_all_equal_mixed_5050.txt,build,0.0015358,0.00010895250467915855,199
rust,100,100,mixed,/workspace/data/input_n100_m100_s42_duplicates_mixed_5050.txt,batch_ops,0.018585433333333335,0.007668944924435369,3724
rust,100,100,mixed,/workspace/data/input_n100_m100_s42_duplicates_mixed_5050.txt,build,0.0015222666666666667,0.00012783338653358007,199
rust,100,100,mixed,/workspace/data/input_n100_m100_s42_nearly_sorted_mixed_5050.txt,batch_ops,0.0192778,0.003807180768875646,3724
rust,100,100,mixed,/workspace/data/input_n100_m100_s42_nearly_sorted_mixed_5050.txt,build,0.0016643666666666668,0.00023795109369050135,199
rust,100,100,mixed,/workspace/data/input_n100_m100_s42_random_mixed_5050.txt,batch_ops,0.017682299999999998,0.004379019179663645,3724
rust,100,100,mixed,/workspace/data/input_n100_m100_s42_random_mixed_5050.txt,build,0.0014959666666666668,0.00014966295082810145,199
rust,100,100,mixed,/workspace/data/input_n100_m100_s42_sorted_mixed_5050.txt,batch_ops,0.0182115,0.0030460168762409747,3724
rust,100,100,mixed,/workspace/data/input_n100_m100_s42_sorted_mixed_5050.txt,build,0.0015481333333333333,0.00013958503361462295,199
rust,100,100,query,/workspace/data/input_n100_m100_s42_all_equal_query.txt,batch_ops,0.024431133333333334,0.003733064764149335,5706
rust,100,100,query,/workspace/data/input_n100_m100_s42_all_equal_query.txt,build,0.0018067,0.0008674634902383798,199
rust,100,100,query,/workspace/data/input_n100_m100_s42_duplicates_query.txt,batch_ops,0.023543433333333332,0.0035472634492184135,5706
rust,100,100,query,/workspace/data/input_n100_m100_s42_duplicates_query.txt,build,0.0017086666666666667,0.00027608436158653335,199
rust,100,100,query,/workspace/data/input_n100_m100_s42_nearly_sorted_query.txt,batch_ops,0.025414833333333334,0.004316796777651252,5706
rust,100,100,query,/workspace/data/input_n100_m100_s42_nearly_sorted_query.txt,build,0.0020214,0.0009404363477332907,199
rust,100,100,query,/workspace/data/input_n100_m100_s42_random_query.txt,batch_ops,0.023339433333333333,0.0027278076163751073,5706
rust,100,100,query,/workspace/data/input_n100_m100_s42_random_query.txt,build,0.0016441333333333333,0.0001484786605666893,199
rust,100,100,query,/workspace/data/input_n100_m100_s42_sorted_query.txt,batch_ops,0.0226102,0.003076721871710551,5706
rust,100,100,query,/workspace/data/input_n100_m100_s42_sorted_query.txt,build,0.0014288,0.00011343398505526137,199
rust,100,100,update,/workspace/data/input_n100_m100_s42_all_equal_update.txt,batch_ops,0.010374699999999999,0.002822004767341216,1393
rust,100,100,update,/workspace/data/input_n100_m100_s42_all_equal_update.txt,build,0.0014369,8.473665086608035e-05,199
rust,100,100,update,/workspace/data/input_n100_m100_s42_duplicates_update.txt,batch_ops,0.0115966,0.0022636101559082625,1393
rust,100,100,update,/workspace/data/input_n100_m100_s42_duplicates_update.txt,build,0.0017317,0.0007699117795409172,199
rust,100,100,update,/workspace/data/input_n100_m100_s42_nearly_sorted_update.txt,batch_ops,0.009843966666666667,0.0007673942691783774,1393
rust,100,100,update,/workspace/data/input_n100_m100_s42_nearly_sorted_update.txt,build,0.0014960333333333333,8.778597929578247e-05,199
rust,100,100,update,/workspace/data/input_n100_m100_s42_random_update.txt,batch_ops,0.0107108,0.0010340276258565249,1393
rust,100,100,update,/workspace/data/input_n100_m100_s42_random_update.txt,build,0.0015298333333333333,0.000134817906140438,199
rust,100,100,update,/workspace/data/input_n100_m100_s42_sorted_update.txt,batch_ops,0.010758033333333333,0.0022734893655793286,1393
rust,100,100,update,/workspace/data/input_n100_m100_s42_sorted_update.txt,build,0.0015225999999999998,0.00015630575694827246,199
rust,100,500,mixed,/workspace/data/input_n100_m500_s42_all_equal_mixed_5050.txt,batch_ops,0.11899696666666666,0.010672485576385705,18852
rust,100,500,mixed,/workspace/data/input_n100_m500_s42_all_equal_mixed_5050.txt,build,0.0017778333333333333,0.0009225752967432628,199
rust,100,500,mixed,/workspace/data/input_n100_m500_s42_duplicates_mixed_5050.txt,batch_ops,0.1292954,0.01639865486199275,18852
rust,100,500,mixed,/workspace/data/input_n100_m500_s42_duplicates_mixed_5050.txt,build,0.0018964333333333333,0.0002498850333354471,199
rust,100,500,mixed,/workspace/data/input_n100_m500_s42_nearly_sorted_mixed_5050.txt,batch_ops,0.1286039,0.007634982236277697,18852
rust,100,500,mixed,/workspace/data/input_n100_m500_s42_nearly_sorted_mixed_5050.txt,build,0.0019197333333333332,0.00020451067476284464,199
rust,100,500,mixed,/workspace/data/input_n100_m500_s42_random_mixed_5050.txt,batch_ops,0.11615563333333334,0.0058246472172782384,18852
rust,100,500,mixed,/workspace/data/input_n100_m500_s42_random_mixed_5050.txt,build,0.0016878666666666666,0.0004142797433463607,199
rust,100,500,mixed,/workspace/data/input_n100_m500_s42_sorted_mixed_5050.txt,batch_ops,0.13041553333333333,0.007275428916060119,18852
rust,100,500,mixed,/workspace/data/input_n100_m500_s42_sorted_mixed_5050.txt,build,0.0032382333333333332,0.006970464525574954,199
rust,100,500,query,/workspace/data/input_n100_m500_s42_all_equal_query.txt,batch_ops,0.16565813333333335,0.016422142780369763,29664
rust,100,500,query,/workspace/data/input_n100_m500_s42_all_equal_query.txt,build,0.0017807666666666666,0.00020944749705591734,199
rust,100,500,query,/workspace/data/input_n100_m500_s42_duplicates_query.txt,batch_ops,0.15308576666666665,0.005590865035057628,29664
rust,100,500,query,/workspace/data/input_n100_m500_s42_duplicates_query.txt,build,0.0018266666666666668,0.0006617434826136252,199
rust,100,500,query,/workspace/data/input_n100_m500_s42_nearly_sorted_query.txt,batch_ops,0.16011316666666667,0.012732284747927173,29664
rust,100,500,query,/workspace/data/input_n100_m500_s42_nearly_sorted_query.txt,build,0.0020697,0.0005780786338350101,199
rust,100,500,query,/workspace/data/input_n100_m500_s42_random_query.txt,batch_ops,0.15069180000000001,0.0059129127859112824,29664
rust,100,500,query,/workspace/data/input_n100_m500_s42_random_query.txt,build,0.0016975333333333334,0.00019715314078030873,199
rust,100,500,query,/workspace/data/input_n100_m500_s42_sorted_query.txt,batch_ops,0.17700480000000002,0.03791382555525732,29664
rust,100,500,query,/workspace/data/input_n100_m500_s42_sorted_query.txt,build,0.0022204666666666667,0.000531976453545114,199
rust,100,500,update,/workspace/data/input_n100_m500_s42_all_equal_update.txt,batch_ops,0.07259159999999999,0.00914970340804402,6872
rust,100,500,update,/workspace/data/input_n100_m500_s42_all_equal_update.txt,build,0.0019636000000000002,0.00029548786076938766,199
rust,100,500,update,/workspace/data/input_n100_m500_s42_duplicates_update.txt,batch_ops,0.06670243333333332,0.00849752930698027,6872
rust,100,500,update,/workspace/data/input_n100_m500_s42_duplicates_update.txt,build,0.0017544666666666666,0.0010370399098938493,199
rust,100,500,update,/workspace/data/input_n100_m500_s42_nearly_sorted_update.txt,batch_ops,0.06576213333333333,0.006301465646336096,6872
rust,100,500,update,/workspace/data/input_n100_m500_s42_nearly_sorted_update.txt,build,0.0015783666666666666,0.00017103447592232082,199
rust,100,500,update,/workspace/data/input_n100_m500_s42_random_update.txt,batch_ops,0.06418193333333333,0.005551176575710104,6872
rust,100,500,update,/workspace/data/input_n100_m500_s42_random_update.txt,build,0.0017643,0.0009028050597233428,199
rust,100,500,update,/workspace/data/input_n100_m500_s42_sorted_update.txt,batch_ops,0.06416133333333333,0.003163566672595035,6872
rust,100,500,update,/workspace/data/input_n100_m500_s42_sorted_update.txt,build,0.0015366999999999998,0.00010751460205559246,199
rust,1000,1000,mixed,/workspace/data/input_n1000_m1000_s42_all_equal_mixed_5050.txt,batch_ops,0.39731093333333334,0.02952564237256566,61121
rust,1000,1000,mixed,/workspace/data/input_n1000_m1000_s42_all_equal_mixed_5050.txt,build,0.013934233333333332,0.002238964718936783,1999
rust,1000,1000,mixed,/workspace/data/input_n1000_m1000_s42_duplicates_mixed_5050.txt,batch_ops,0.4422967666666667,0.02256958264427548,61121
rust,1000,1000,mixed,/workspace/data/input_n1000_m1000_s42_duplicates_mixed_5050.txt,build,0.0170671,0.002646520035820625,1999
rust,1000,1000,mixed,/workspace/data/input_n1000_m1000_s42_nearly_sorted_mixed_5050.txt,batch_ops,0.4337262,0.013882466253118198,61121
rust,1000,1000,mixed,/workspace/data/input_n1000_m1000_s42_nearly_sorted_mixed_5050.txt,build,0.015326633333333334,0.0019973013255534257,1999
rust,1000,1000,mixed,/workspace/data/input_n1000_m1000_s42_random_mixed_5050.txt,batch_ops,0.410567,0.028232933259117684,61121
rust,1000,1000,mixed,/workspace/data/input_n1000_m1000_s42_random_mixed_5050.txt,build,0.015196966666666667,0.004095389219710324,1999
rust,1000,1000,mixed,/workspace/data/input_n1000_m1000_s42_sorted_mixed_5050.txt,batch_ops,0.39789630000000004,0.033418471136690144,61121
rust,1000,1000,mixed,/workspace/data/input_n1000_m1000_s42_sorted_mixed_5050.txt,build,0.014412266666666666,0.0031657694922658094,1999
rust,1000,1000,query,/workspace/data/input_n1000_m1000_s42_all_equal_query.txt,batch_ops,0.5068714333333334,0.023143892292804197,98004
rust,1000,1000,query,/workspace/data/input_n1000_m1000_s42_all_equal_query.txt,build,0.015095633333333334,0.002108504969343712,1999
rust,1000,1000,query,/workspace/data/input_n1000_m1000_s42_duplicates_query.txt,batch_ops,0.5003827333333333,0.02114645901218506,98004
rust,1000,1000,query,/workspace/data/input_n1000_m1000_s42_duplicates_query.txt,build,0.014539733333333334,0.003064864050912325,1999
rust,1000,1000,query,/workspace/data/input_n1000_m1000_s42_nearly_sorted_query.txt,batch_ops,0.5099188666666666,0.029760326045365073,98004
rust,1000,1000,query,/workspace/data/input_n1000_m1000_s42_nearly_sorted_query.txt,build,0.0140517,0.0018450461567911128,1999
rust,1000,1000,query,/workspace/data/input_n1000_m1000_s42_random_query.txt,batch_ops,0.5090879666666667,0.03956901740911681,98004
rust,1000,1000,query,/workspace/data/input_n1000_m1000_s42_random_query.txt,build,0.014480133333333334,0.0023946093012738273,1999
rust,1000,1000,query,/workspace/data/input_n1000_m1000_s42_sorted_query.txt,batch_ops,0.5705578,0.05843630669511477,98004
rust,1000,1000,query,/workspace/data/input_n1000_m1000_s42_sorted_query.txt,build,0.01777353333333333,0.002940645164178977,1999
rust,1000,1000,update,/workspace/data/input_n1000_m1000_s42_all_equal_update.txt,batch_ops,0.24490323333333333,0.0463297236635055,21846
rust,1000,1000,update,/workspace/data/input_n1000_m1000_s42_all_equal_update.txt,build,0.015079133333333333,0.0021760925077530255,1999
rust,1000,1000,update,/workspace/data/input_n1000_m1000_s42_duplicates_update.txt,batch_ops,0.25106670000000003,0.019253757174138502,21846
rust,1000,1000,update,/workspace/data/input_n1000_m1000_s42_duplicates_update.txt,build,0.014795333333333332,0.0016095105131542391,1999
rust,1000,1000,update,/workspace/data/input_n1000_m1000_s42_nearly_sorted_update.txt,batch_ops,0.2469096,0.0406115025812078,21846
rust,1000,1000,update,/workspace/data/input_n1000_m1000_s42_nearly_sorted_update.txt,build,0.014083199999999999,0.0018954084520229405,1999
rust,1000,1000,update,/workspace/data/input_n1000_m1000_s42_random_update.txt,batch_ops,0.24232789999999998,0.015872353601521238,21846
rust,1000,1000,update,/workspace/data/input_n1000_m1000_s42_random_update.txt,build,0.015270833333333334,0.0027504163958525824,1999
rust,1000,1000,update,/workspace/data/input_n1000_m1000_s42_sorted_update.txt,batch_ops,0.23095323333333334,0.014746698907478114,21846
rust,1000,1000,update,/workspace/data/input_n1000_m1000_s42_sorted_update.txt,build,0.015476433333333334,0.004960533930406348,1999
rust,1000,5000,mixed,/workspace/data/input_n1000_m5000_s42_all_equal_mixed_5050.txt,batch_ops,2.1125318666666666,0.08972642615145572,297470
rust,1000,5000,mixed,/workspace/data/input_n1000_m5000_s42_all_equal_mixed_5050.txt,build,0.016414933333333333,0.003694220555495257,1999
rust,1000,5000,mixed,/workspace/data/input_n1000_m5000_s42_duplicates_mixed_5050.txt,batch_ops,1.9875896333333334,0.09136493896664172,297470
rust,1000,5000,mixed,/workspace/data/input_n1000_m5000_s42_duplicates_mixed_5050.txt,build,0.015276366666666668,0.003073366675648792,1999
rust,1000,5000,mixed,/workspace/data/input_n1000_m5000_s42_nearly_sorted_mixed_5050.txt,batch_ops,2.0741959666666667,0.12836784748727434,297470
rust,1000,5000,mixed,/workspace/data/input_n1000_m5000_s42_nearly_sorted_mixed_5050.txt,build,0.016952000000000002,0.003885313594053629,1999
rust,1000,5000,mixed,/workspace/data/input_n1000_m5000_s42_random_mixed_5050.txt,batch_ops,1.9346081,0.05340063650747482,297470
rust,1000,5000,mixed,/workspace/data/input_n1000_m5000_s42_random_mixed_5050.txt,build,0.0136481,0.0015351897636269032,1999
rust,1000,5000,mixed,/workspace/data/input_n1000_m5000_s42_sorted_mixed_5050.txt,batch_ops,1.9343460333333333,0.05160050465971024,297470
rust,1000,5000,mixed,/workspace/data/input_n1000_m5000_s42_sorted_mixed_5050.txt,build,0.014274100000000001,0.001855069556275637,1999
rust,1000,5000,query,/workspace/data/input_n1000_m5000_s42_all_equal_query.txt,batch_ops,2.4831659999999998,0.10494122331489944,494220
rust,1000,5000,query,/workspace/data/input_n1000_m5000_s42_all_equal_query.txt,build,0.015329299999999999,0.0031811498479594465,1999
rust,1000,5000,query,/workspace/data/input_n1000_m5000_s42_duplicates_query.txt,batch_ops,2.6506821,0.11170904884452411,494220
rust,1000,5000,query,/workspace/data/input_n1000_m5000_s42_duplicates_query.txt,build,0.019054833333333333,0.0041678342683587775,1999
rust,1000,5000,query,/workspace/data/input_n1000_m5000_s42_nearly_sorted_query.txt,batch_ops,2.6016456,0.056450929605124794,494220
rust,1000,5000,query,/workspace/data/input_n1000_m5000_s42_nearly_sorted_query.txt,build,0.018143666666666666,0.002798649111727784,1999
rust,1000,5000,query,/workspace/data/input_n1000_m5000_s42_random_query.txt,batch_ops,2.3938783333333333,0.11616068618626688,494220
rust,1000,5000,query,/workspace/data/input_n1000_m5000_s42_random_query.txt,build,0.014626466666666667,0.001792691056202519,1999
rust,1000,5000,query,/workspace/data/input_n1000_m5000_s42_sorted_query.txt,batch_ops,2.3772497666666665,0.07410638273998914,494220
rust,1000,5000,query,/workspace/data/input_n1000_m5000_s42_sorted_query.txt,build,0.0139346,0.0024958191054033846,1999
rust,1000,5000,update,/workspace/data/input_n1000_m5000_s42_all_equal_update.txt,batch_ops,1.2688334,0.0351015163830027,108998
rust,1000,5000,update,/workspace/data/input_n1000_m5000_s42_all_equal_update.txt,build,0.0161536,0.0025773271452792144,1999
rust,1000,5000,update,/workspace/data/input_n1000_m5000_s42_duplicates_update.txt,batch_ops,1.2246584333333332,0.07167215466210848,108998
rust,1000,5000,update,/workspace/data/input_n1000_m5000_s42_duplicates_update.txt,build,0.016301066666666666,0.0038288920152398944,1999
rust,1000,5000,update,/workspace/data/input_n1000_m5000_s42_nearly_sorted_update.txt,batch_ops,1.3334987333333332,0.0343371326438638,108998
rust,1000,5000,update,/workspace/data/input_n1000_m5000_s42_nearly_sorted_update.txt,build,0.01901313333333333,0.004657190071375608,1999
rust,1000,5000,update,/workspace/data/input_n1000_m5000_s42_random_update.txt,batch_ops,1.1599218333333332,0.08127932304525803,108998
rust,1000,5000,update,/workspace/data/input_n1000_m5000_s42_random_update.txt,build,0.0147333,0.0027024566493062036,1999
rust,1000,5000,update,/workspace/data/input_n1000_m5000_s42_sorted_update.txt,batch_ops,1.1399046666666666,0.04631610757522211,108998
rust,1000,5000,update,/workspace/data/input_n1000_m5000_s42_sorted_update.txt,build,0.014198166666666668,0.0024193687133763566,1999
rust,10000,10000,mixed,/workspace/data/input_n10000_m10000_s42_all_equal_mixed_5050.txt,batch_ops,6.4296528,0.3389583683301861,837125
rust,10000,10000,mixed,/workspace/data/input_n10000_m10000_s42_all_equal_mixed_5050.txt,build,0.36870403333333335,0.02590404638007197,19999
rust,10000,10000,mixed,/workspace/data/input_n10000_m10000_s42_duplicates_mixed_5050.txt,batch_ops,5.5036510666666665,0.17482185978381332,837125
rust,10000,10000,mixed,/workspace/data/input_n10000_m10000_s42_duplicates_mixed_5050.txt,build,0.32439733333333337,0.016497968644724064,19999
rust,10000,10000,mixed,/workspace/data/input_n10000_m10000_s42_nearly_sorted_mixed_5050.txt,batch_ops,5.611749133333333,0.2566308094491643,837125
rust,10000,10000,mixed,/workspace/data/input_n10000_m10000_s42_nearly_sorted_mixed_5050.txt,build,0.35167479999999995,0.0354396127035738,19999
rust,10000,10000,mixed,/workspace/data/input_n10000_m10000_s42_random_mixed_5050.txt,batch_ops,5.578422433333333,0.1928956093302144,837125
rust,10000,10000,mixed,/workspace/data/input_n10000_m10000_s42_random_mixed_5050.txt,build,0.3371625,0.014677613422347031,19999
rust,10000,10000,mixed,/workspace/data/input_n10000_m10000_s42_sorted_mixed_5050.txt,batch_ops,5.731076066666666,0.1777841152230722,837125
rust,10000,10000,mixed,/workspace/data/input_n10000_m10000_s42_sorted_mixed_5050.txt,build,0.35029326666666666,0.025713695073641782,19999
rust,10000,10000,query,/workspace/data/input_n10000_m10000_s42_all_equal_query.txt,batch_ops,8.842034166666668,0.5114034293774729,1394772
rust,10000,10000,query,/workspace/data/input_n10000_m10000_s42_all_equal_query.txt,build,0.41448133333333337,0.03477873975660231,19999
rust,10000,10000,query,/workspace/data/input_n10000_m10000_s42_duplicates_query.txt,batch_ops,6.982621233333333,0.3769331446853566,1394772
rust,10000,10000,query,/workspace/data/input_n10000_m10000_s42_duplicates_query.txt,build,0.3352868333333333,0.02861205924212225,19999
rust,10000,10000,query,/workspace/data/input_n10000_m10000_s42_nearly_sorted_query.txt,batch_ops,7.0338214,0.3043390526420752,1394772
rust,10000,10000,query,/workspace/data/input_n10000_m10000_s42_nearly_sorted_query.txt,build,0.34506176666666666,0.026752555043536894,19999
rust,10000,10000,query,/workspace/data/input_n10000_m10000_s42_random_query.txt,batch_ops,8.1614301,0.640194321421742,1394772
rust,10000,10000,query,/workspace/data/input_n10000_m10000_s42_random_query.txt,build,0.38970283333333333,0.030845350603742792,19999
rust,10000,10000,query,/workspace/data/input_n10000_m10000_s42_sorted_query.txt,batch_ops,6.921121333333334,0.2904568764286922,1394772
rust,10000,10000,query,/workspace/data/input_n10000_m10000_s42_sorted_query.txt,build,0.3437098333333333,0.02261947085737895,19999
rust,10000,10000,update,/workspace/data/input_n10000_m10000_s42_all_equal_update.txt,batch_ops,4.7555749,0.42406550135882737,303448
rust,10000,10000,update,/workspace/data/input_n10000_m10000_s42_all_equal_update.txt,build,0.47816576666666666,0.0471748472151343,19999
rust,10000,10000,update,/workspace/data/input_n10000_m10000_s42_duplicates_update.txt,batch_ops,3.2893402,0.13244866216853418,303448
rust,10000,10000,update,/workspace/data/input_n10000_m10000_s42_duplicates_update.txt,build,0.3220458,0.018509012979515203,19999
rust,10000,10000,update,/workspace/data/input_n10000_m10000_s42_nearly_sorted_update.txt,batch_ops,3.5356917,0.20845178383024304,303448
rust,10000,10000,update,/workspace/data/input_n10000_m10000_s42_nearly_sorted_update.txt,build,0.3472542666666667,0.019566016494005068,19999
rust,10000,10000,update,/workspace/data/input_n10000_m10000_s42_random_update.txt,batch_ops,4.9685497,0.43363789922088225,303448
rust,10000,10000,update,/workspace/data/input_n10000_m10000_s42_random_update.txt,build,0.5001760333333334,0.05500645017066781,19999
rust,10000,10000,update,/workspace/data/input_n10000_m10000_s42_sorted_update.txt,batch_ops,3.392092433333333,0.14512082422081918,303448
rust,10000,10000,update,/workspace/data/input_n10000_m10000_s42_sorted_update.txt,build,0.33972463333333336,0.011668891589602045,19999
rust,10000,50000,mixed,/workspace/data/input_n10000_m50000_s42_all_equal_mixed_5050.txt,batch_ops,28.8685165,0.7612461226103971,4249685
rust,10000,50000,mixed,/workspace/data/input_n10000_m50000_s42_all_equal_mixed_5050.txt,build,0.3527222333333333,0.02824376362251263,19999
rust,10000,50000,mixed,/workspace/data/input_n10000_m50000_s42_duplicates_mixed_5050.txt,batch_ops,34.16366346666667,0.8947592157527821,4249685
rust,10000,50000,mixed,/workspace/data/input_n10000_m50000_s42_duplicates_mixed_5050.txt,build,0.41734116666666665,0.045862760140019034,19999
rust,10000,50000,mixed,/workspace/data/input_n10000_m50000_s42_nearly_sorted_mixed_5050.txt,batch_ops,28.377432300000002,0.8956304807327985,4249685
rust,10000,50000,mixed,/workspace/data/input_n10000_m50000_s42_nearly_sorted_mixed_5050.txt,build,0.33635950000000003,0.03158703408127652,19999
rust,10000,50000,mixed,/workspace/data/input_n10000_m50000_s42_random_mixed_5050.txt,batch_ops,31.319552633333334,2.3136566440966515,4249685
rust,10000,50000,mixed,/workspace/data/input_n10000_m50000_s42_random_mixed_5050.txt,build,0.3797838666666667,0.03461669014809469,19999
rust,10000,50000,mixed,/workspace/data/input_n10000_m50000_s42_sorted_mixed_5050.txt,batch_ops,28.2356762,0.38489837841474894,4249685
rust,10000,50000,mixed,/workspace/data/input_n10000_m50000_s42_sorted_mixed_5050.txt,build,0.33687733333333336,0.01862004828938021,19999
rust,10000,50000,query,/workspace/data/input_n10000_m50000_s42_all_equal_query.txt,batch_ops,35.859628533333336,1.8136669198364452,6971448
rust,10000,50000,query,/workspace/data/input_n10000_m50000_s42_all_equal_query.txt,build,0.3577033333333333,0.0294225190924762,19999
rust,10000,50000,query,/workspace/data/input_n10000_m50000_s42_duplicates_query.txt,batch_ops,35.229518999999996,1.1115075046353449,6971448
rust,10000,50000,query,/workspace/data/input_n10000_m50000_s42_duplicates_query.txt,build,0.3368200333333334,0.0268007724122907,19999
rust,10000,50000,query,/workspace/data/input_n10000_m50000_s42_nearly_sorted_query.txt,batch_ops,36.373616866666666,2.6417649578123896,6971448
rust,10000,50000,query,/workspace/data/input_n10000_m50000_s42_nearly_sorted_query.txt,build,0.36187620000000004,0.05001799108072738,19999
rust,10000,50000,query,/workspace/data/input_n10000_m50000_s42_random_query.txt,batch_ops,34.98046263333333,0.6502143445217325,6971448
rust,10000,50000,query,/workspace/data/input_n10000_m50000_s42_random_query.txt,build,0.34393626666666666,0.018865505739920897,19999
rust,10000,50000,query,/workspace/data/input_n10000_m50000_s42_sorted_query.txt,batch_ops,35.411569500000006,1.1569945605103749,6971448
rust,10000,50000,query,/workspace/data/input_n10000_m50000_s42_sorted_query.txt,build,0.352402,0.01919278238260952,19999
rust,10000,50000,update,/workspace/data/input_n10000_m50000_s42_all_equal_update.txt,batch_ops,18.882746166666667,0.5229287773546138,1516356
rust,10000,50000,update,/workspace/data/input_n10000_m50000_s42_all_equal_update.txt,build,0.3919976333333333,0.025288774695891046,19999
rust,10000,50000,update,/workspace/data/input_n10000_m50000_s42_duplicates_update.txt,batch_ops,16.431572366666668,0.26415776450610107,1516356
rust,10000,50000,update,/workspace/data/input_n10000_m50000_s42_duplicates_update.txt,build,0.33759686666666666,0.022137707171457372,19999
rust,10000,50000,update,/workspace/data/input_n10000_m50000_s42_nearly_sorted_update.txt,batch_ops,17.3082042,0.38624205102691095,1516356
rust,10000,50000,update,/workspace/data/input_n10000_m50000_s42_nearly_sorted_update.txt,build,0.3559124,0.017615114623918654,19999
rust,10000,50000,update,/workspace/data/input_n10000_m50000_s42_random_update.txt,batch_ops,17.241059600000003,0.5821025367340767,1516356
rust,10000,50000,update,/workspace/data/input_n10000_m50000_s42_random_update.txt,build,0.3523253,0.0209048773984644,19999
rust,10000,50000,update,/workspace/data/input_n10000_m50000_s42_sorted_update.txt,batch_ops,17.1679033,0.6524525028436222,1516356
rust,10000,50000,update,/workspace/data/input_n10000_m50000_s42_sorted_update.txt,build,0.34913173333333336,0.02305068638956084,19999
rust,100000,100000,mixed,/workspace/data/input_n100000_m100000_s42_all_equal_mixed_5050.txt,batch_ops,76.21992853333333,1.0694749498611285,10866247
rust,100000,100000,mixed,/workspace/data/input_n100000_m100000_s42_all_equal_mixed_5050.txt,build,2.5648919666666665,0.04450335734912223,199999
rust,100000,100000,mixed,/workspace/data/input_n100000_m100000_s42_duplicates_mixed_5050.txt,batch_ops,76.2160763,1.4035030231293846,10866247
rust,100000,100000,mixed,/workspace/data/input_n100000_m100000_s42_duplicates_mixed_5050.txt,build,2.5697012,0.03150442091954499,199999
rust,100000,100000,mixed,/workspace/data/input_n100000_m100000_s42_nearly_sorted_mixed_5050.txt,batch_ops,75.65040853333333,1.0379459716018304,10866247
rust,100000,100000,mixed,/workspace/data/input_n100000_m100000_s42_nearly_sorted_mixed_5050.txt,build,2.5660484,0.03293062331902194,199999
rust,100000,100000,mixed,/workspace/data/input_n100000_m100000_s42_random_mixed_5050.txt,batch_ops,91.63414666666668,6.942381016881574,10866247
rust,100000,100000,mixed,/workspace/data/input_n100000_m100000_s42_random_mixed_5050.txt,build,2.8539049666666667,0.1636828427038692,199999
rust,100000,100000,mixed,/workspace/data/input_n100000_m100000_s42_sorted_mixed_5050.txt,batch_ops,76.57212763333334,1.2642230385073903,10866247
rust,100000,100000,mixed,/workspace/data/input_n100000_m100000_s42_sorted_mixed_5050.txt,build,2.591732466666667,0.03754818901802503,199999
rust,100000,100000,query,/workspace/data/input_n100000_m100000_s42_all_equal_query.txt,batch_ops,87.184171,1.8034096020759096,17920512
rust,100000,100000,query,/workspace/data/input_n100000_m100000_s42_all_equal_query.txt,build,2.4202563333333336,0.026507510919104384,199999
rust,100000,100000,query,/workspace/data/input_n100000_m100000_s42_duplicates_query.txt,batch_ops,87.44758526666666,1.4044524800903495,17920512
rust,100000,100000,query,/workspace/data/input_n100000_m100000_s42_duplicates_query.txt,build,2.4390587333333333,0.09756371455262317,199999
rust,100000,100000,query,/workspace/data/input_n100000_m100000_s42_nearly_sorted_query.txt,batch_ops,87.3743834,1.459035663997937,17920512
rust,100000,100000,query,/workspace/data/input_n100000_m100000_s42_nearly_sorted_query.txt,build,2.4715239666666666,0.06879156916190722,199999
rust,100000,100000,query,/workspace/data/input_n100000_m100000_s42_random_query.txt,batch_ops,113.09191736666666,2.472485326126737,17920512
rust,100000,100000,query,/workspace/data/input_n100000_m100000_s42_random_query.txt,build,2.7676579,0.16354630425332362,199999
rust,100000,100000,query,/workspace/data/input_n100000_m100000_s42_sorted_query.txt,batch_ops,87.46114446666667,1.921813267894703,17920512
rust,100000,100000,query,/workspace/data/input_n100000_m100000_s42_sorted_query.txt,build,2.4524209333333333,0.0767072623455376,199999
rust,100000,100000,update,/workspace/data/input_n100000_m100000_s42_all_equal_update.txt,batch_ops,48.13595963333333,1.0497863384289365,3868604
rust,100000,100000,update,/workspace/data/input_n100000_m100000_s42_all_equal_update.txt,build,2.508011666666667,0.03444783931598942,199999
rust,100000,100000,update,/workspace/data/input_n100000_m100000_s42_duplicates_update.txt,batch_ops,49.2368206,0.7557962561254277,3868604
rust,100000,100000,update,/workspace/data/input_n100000_m100000_s42_duplicates_update.txt,build,2.6194650333333334,0.11288477186738072,199999
rust,100000,100000,update,/workspace/data/input_n100000_m100000_s42_nearly_sorted_update.txt,batch_ops,48.788130900000006,1.1042193474384552,3868604
rust,100000,100000,update,/workspace/data/input_n100000_m100000_s42_nearly_sorted_update.txt,build,2.5841127,0.09062893629449931,199999
rust,100000,100000,update,/workspace/data/input_n100000_m100000_s42_random_update.txt,batch_ops,55.67983816666666,1.6306819264821026,3868604
rust,100000,100000,update,/workspace/data/input_n100000_m100000_s42_random_update.txt,build,2.8772377000000002,0.1313520651006951,199999
rust,100000,100000,update,/workspace/data/input_n100000_m100000_s42_sorted_update.txt,batch_ops,48.92789963333333,1.2913663961203234,3868604
rust,100000,100000,update,/workspace/data/input_n100000_m100000_s42_sorted_update.txt,build,2.5662844666666667,0.032909579166971,199999
rust,100000,500000,mixed,/workspace/data/input_n100000_m500000_s42_all_equal_mixed_5050.txt,batch_ops,381.7998399333334,1.8181077993236765,54485400
rust,100000,500000,mixed,/workspace/data/input_n100000_m500000_s42_all_equal_mixed_5050.txt,build,2.5673839999999997,0.036846794021395894,199999
rust,100000,500000,mixed,/workspace/data/input_n100000_m500000_s42_duplicates_mixed_5050.txt,batch_ops,379.440203,2.34557932499211,54485400
rust,100000,500000,mixed,/workspace/data/input_n100000_m500000_s42_duplicates_mixed_5050.txt,build,2.576156333333333,0.0539089553025848,199999
rust,100000,500000,mixed,/workspace/data/input_n100000_m500000_s42_nearly_sorted_mixed_5050.txt,batch_ops,380.40260813333333,2.4399031671177447,54485400
rust,100000,500000,mixed,/workspace/data/input_n100000_m500000_s42_nearly_sorted_mixed_5050.txt,build,2.569386,0.03018730654567846,199999
rust,100000,500000,mixed,/workspace/data/input_n100000_m500000_s42_random_mixed_5050.txt,batch_ops,376.96949856666663,2.4090341069099774,54485400
rust,100000,500000,mixed,/workspace/data/input_n100000_m500000_s42_random_mixed_5050.txt,build,2.5862784333333333,0.11925401683647104,199999
rust,100000,500000,mixed,/workspace/data/input_n100000_m500000_s42_sorted_mixed_5050.txt,batch_ops,377.7352984,1.7187375138753114,54485400
rust,100000,500000,mixed,/workspace/data/input_n100000_m500000_s42_sorted_mixed_5050.txt,build,2.5920924666666663,0.09982816839699525,199999
rust,100000,500000,query,/workspace/data/input_n100000_m500000_s42_all_equal_query.txt,batch_ops,435.6108457,2.4054297096399617,89624244
rust,100000,500000,query,/workspace/data/input_n100000_m500000_s42_all_equal_query.txt,build,2.4318421666666667,0.05643692812584344,199999
rust,100000,500000,query,/workspace/data/input_n100000_m500000_s42_duplicates_query.txt,batch_ops,437.44552873333333,2.541430417836083,89624244
rust,100000,500000,query,/workspace/data/input_n100000_m500000_s42_duplicates_query.txt,build,2.4601134333333334,0.06283622923544874,199999
rust,100000,500000,query,/workspace/data/input_n100000_m500000_s42_nearly_sorted_query.txt,batch_ops,434.02201153333334,2.469268065305884,89624244
rust,100000,500000,query,/workspace/data/input_n100000_m500000_s42_nearly_sorted_query.txt,build,2.4520744666666667,0.030199825119079572,199999
rust,100000,500000,query,/workspace/data/input_n100000_m500000_s42_random_query.txt,batch_ops,524.7077426333333,28.230815171650978,89624244
rust,100000,500000,query,/workspace/data/input_n100000_m500000_s42_random_query.txt,build,2.7331393333333334,0.1906679384615972,199999
rust,100000,500000,query,/workspace/data/input_n100000_m500000_s42_sorted_query.txt,batch_ops,436.8557078,2.5927352795501553,89624244
rust,100000,500000,query,/workspace/data/input_n100000_m500000_s42_sorted_query.txt,build,2.4254175,0.038731421437941775,199999
rust,100000,500000,update,/workspace/data/input_n100000_m500000_s42_all_equal_update.txt,batch_ops,243.52553393333335,4.068417294803154,19348754
rust,100000,500000,update,/workspace/data/input_n100000_m500000_s42_all_equal_update.txt,build,2.589419,0.03929606971046412,199999
rust,100000,500000,update,/workspace/data/input_n100000_m500000_s42_duplicates_update.txt,batch_ops,242.36314823333333,3.6376472126643122,19348754
rust,100000,500000,update,/workspace/data/input_n100000_m500000_s42_duplicates_update.txt,build,2.5962075,0.03908527598306583,199999
rust,100000,500000,update,/workspace/data/input_n100000_m500000_s42_nearly_sorted_update.txt,batch_ops,244.11721219999998,3.2447256067867114,19348754
rust,100000,500000,update,/workspace/data/input_n100000_m500000_s42_nearly_sorted_update.txt,build,2.588004666666667,0.042054029915822834,199999
rust,100000,500000,update,/workspace/data/input_n100000_m500000_s42_random_update.txt,batch_ops,244.89106456666667,2.5170695595555364,19348754
rust,100000,500000,update,/workspace/data/input_n100000_m500000_s42_random_update.txt,build,2.5748346,0.0398402235224307,199999
rust,100000,500000,update,/workspace/data/input_n100000_m500000_s42_sorted_update.txt,batch_ops,241.7524818,3.3242405771087973,19348754
rust,100000,500000,update,/workspace/data/input_n100000_m500000_s42_sorted_update.txt,build,2.5986519,0.05907824660587129,199999
